file,chapters,sections,notes,variants,sha256
phi1348.abo012.rolfe-eng1-alison.xml,101,242,212,0,b1346c88c4c10e2b9ee7b717cb4a97b820a6a84e4839ddccec8e407a15f295ca
suet.jc.rolfe_eng1.xml,89,187,79,0,105b3d8240f57c770f6fe7060929ff3210e931b0f71abbc69fad35d14622e2d1
suetonius.aug.holland1898-section.xml,101,242,496,1,7c10d37ae2785f7e41b17057d1b1a2740875b4c7b55a44bd7118e5d4ac203da0
suetonius.cal.holland1898-section.xml,60,137,251,1,30bcb71db58edf752f4c8d0dad53036ac6c7700314f8cd01c533b79ebee59a9d
suetonius.cal.loeb_eng1.xml,60,137,110,0,c6269625db3792b142f40bde42223da29335cb0f4a428c80bac67514101f3bd1
suetonius.claud.holland1898-section.xml,46,111,169,1,5ee4471cf4de701fb9588db5072b5ca82264ec6c8c75c3eed8ed581d273ad13c
suetonius.claud.loeb_eng1.xml,46,111,103,0,d5ea79475228023c2bc1c9ccf75b5ddb24ccdb00514feaf03aa23922f6b438b3
suetonius.dom.holland1898-section.xml,23,61,132,1,7009bf96118e5a87d7b6f3898793983490b8db8b41345c7f8da2069ecae7af00
suetonius.dom.loeb_eng1.xml,23,61,78,0,f769579b0ed37e22ce9c356bc7c76e795cf74ac2c8b6c9da32c8c1989823850c
suetonius.galba.holland1898-section.xml,23,49,102,1,b4f1121a88b90168be727e7395ef2dbd70b69141bc2a5ec2a5a8e76eed31acd0
suetonius.galba.loeb_eng1.xml,23,49,62,0,d481fe86f2e3bddeb3edb929104d5cea7d14e2fe7b7a2b2c2d7ec19bad1fa54c
suetonius.jc.holland1898-section.xml,89,187,361,6,daa62f3bff3bd46b374b2ec34a0a94d71d6149e18181d0f219bd3b47e2084fd8
suetonius.nero.holland1898-section.xml,57,135,351,1,f2de9a5e37dbd4107dee177cbab21722c29eda8e45e878e03a412b35ac285cd9
suetonius.nero.loeb_eng1.xml,57,135,161,0,460b74353772f22a21638b1eeaa8ab5e4b8bbe925686a84f18230fd352052a6d
suetonius.otho.holland1898-section.xml,12,28,51,1,de732aeffd853c6708cba3f34565cecab34a1c6f44ab3e08f0734bfb9ef2c434
suetonius.otho.loeb_eng1.xml,12,28,19,0,c4c7e1c18917a4f4953ae6c6c2f8a1d08c95bf1787d3ee11bc5f08aa3426413e
suetonius.tib.holland1898-section.xml,76,158,333,1,2adab341d00d366bc36ace2c1a933a12a2e4c06dd02cc852d97f49e2c4332e78
suetonius.tib.loeb_eng1.xml,76,158,133,0,e294506bba32617830a0385cc05578765f63f991e6d2131e028892b885781f9e
suetonius.tit.holland1898-section.xml,11,26,34,1,d5449bfee3d32fd758362ee64ca736df3c25a68f3910730cf9cd5c83620520f2
suetonius.titus.loeb_eng1.xml,11,26,26,0,b269e91ff359fcfc5168a8c982117d8fa6b2de3e0b4f803fbd5647e838e2ca9d
suetonius.vesp.holland1898-section.xml,25,57,123,1,544a9318fe5723ddcfe06866c2224d9aefce9b6b42f85f7116cc48756a6fd381
suetonius.vesp.loeb_eng1.xml,25,57,56,0,dd7a3f6d600a4e374ca1ea301dd05033dddd5e4055cda2eeacdd3715802f063c
suetonius.vitellius.holland1898-section.xml,18,41,92,1,ef4f0ab109d401d48edbd8005c861a0e39f94269eac85cda0dcb2bf95478207c
suetonius.vitellius.loeb_eng1.xml,18,41,35,0,5e28b948bcff50659ebb2f419ac43adf1b3b5dc8448be8375e549a7a060cb547
