work,category,version,path,sha256
phi1348.abo011,editions,perseus-lat2,/Users/gcrane/github/canonical-latinLit/data/phi1348/abo011/phi1348.abo011.perseus-lat2.xml,fa3f094d13f07f591d56a7f088e835a608f2921d2fe72c373f080337bf53fc5f
phi1348.abo011,editions,rolfe-lat1,/Users/gcrane/github/canonical-latinLit/data/phi1348/abo011/phi1348.abo011.rolfe-lat1.xml,a657a5abf1d94984f65d1125bee727209f10fed9ad5720d8598ebe80968e84b9
phi1348.abo011,translations,perseus-eng2,/Users/gcrane/github/canonical-latinLit/data/phi1348/abo011/phi1348.abo011.perseus-eng2.xml,e239d10d50d4a78495c38f033ce42ba25d188c079035654c4c90b03ed3adc3ff
phi1348.abo011,translations,rolfe-eng1,/Users/gcrane/github/canonical-latinLit/data/phi1348/abo011/phi1348.abo011.rolfe-eng1.xml,a4cfdb562c090e5d6d47877d15545710d7efbee27f17547b087a1bb183697b78
phi1348.abo011,translations,holland1899-eng1,/Users/gcrane/github/grcnewxml/data/phi1348/abo011/phi1348.abo011.holland1899-eng1.xml,fec7b4dd880e512c80b698f33e27486f62a723b3822ef8d33a7968ae10494946
phi1348.abo011,translations,rolfe1914review-eng1,/Users/gcrane/github/grcnewxml/data/phi1348/abo011/phi1348.abo011.rolfe1914review-eng1.xml,65557f295fa6f7e001b5362bf82595f51ba44ab28461955f8eef5fa11b84a079
phi1348.abo012,editions,perseus-lat2,/Users/gcrane/github/canonical-latinLit/data/phi1348/abo012/phi1348.abo012.perseus-lat2.xml,877126a2b899a07001f7b3cb211d7b649da11453f837f59061d33cd64f0c6a1a
phi1348.abo012,translations,perseus-eng2,/Users/gcrane/github/canonical-latinLit/data/phi1348/abo012/phi1348.abo012.perseus-eng2.xml,3de0aa272f5de35d17a992c0b1412d5debc4574c4999d13f4908b6ef5ba8d33c
phi1348.abo012,translations,rolfe-eng1,/Users/gcrane/github/canonical-latinLit/data/phi1348/abo012/phi1348.abo012.rolfe-eng1.xml,940eb4404ead3c452ad23d1540b63b5c1bd0dd8c029b4e2f18189ac5347f2e9a
phi1348.abo012,translations,holland1899-eng1,/Users/gcrane/github/grcnewxml/data/phi1348/abo012/phi1348.abo012.holland1899-eng1.xml,00319b6db60188f042919ea883ff0fc8a2d9b2afb316174cb0996cb246d079ee
phi1348.abo012,translations,rolfe1914review-eng1,/Users/gcrane/github/grcnewxml/data/phi1348/abo012/phi1348.abo012.rolfe1914review-eng1.xml,7ae721a9de7a9fe244425a3e5fe9c81b3c6931441cb96918c29eff15ea325ea8
phi1348.abo013,editions,perseus-lat2,/Users/gcrane/github/canonical-latinLit/data/phi1348/abo013/phi1348.abo013.perseus-lat2.xml,b31d1dc525bd7143079bbbd34bebb2921b12a71dee78ded642db9db6723c196c
phi1348.abo013,translations,perseus-eng2,/Users/gcrane/github/canonical-latinLit/data/phi1348/abo013/phi1348.abo013.perseus-eng2.xml,2099922b87a6c861b737a881bc5b568c4b334332e3549ba52a40287b56531e39
phi1348.abo013,translations,rolfe-eng1,/Users/gcrane/github/canonical-latinLit/data/phi1348/abo013/phi1348.abo013.rolfe-eng1.xml,72cf86ce9fec563027797d7f633d190b54871d752bfb4a94c1570609ce2a7f73
phi1348.abo013,translations,holland1899-eng1,/Users/gcrane/github/grcnewxml/data/phi1348/abo013/phi1348.abo013.holland1899-eng1.xml,986a23a50b9470201af5c482cd1ebef10f760409f7d215bce67634321bbafb97
phi1348.abo013,translations,rolfe1914review-eng1,/Users/gcrane/github/grcnewxml/data/phi1348/abo013/phi1348.abo013.rolfe1914review-eng1.xml,17f72d63f54839fc9846118df26dcb8dd40ad71d906c98107d8c6232cc5ca16d
phi1348.abo014,editions,perseus-lat2,/Users/gcrane/github/canonical-latinLit/data/phi1348/abo014/phi1348.abo014.perseus-lat2.xml,fb7cd68b67138ae5e8b64d7ed619cfd163f200c027b5c6f8414706607ed50bb0
phi1348.abo014,translations,perseus-eng2,/Users/gcrane/github/canonical-latinLit/data/phi1348/abo014/phi1348.abo014.perseus-eng2.xml,817c686ef72df4dadddf45cb991801c0603b450493edadf4599d5d34b903696d
phi1348.abo014,translations,rolfe-eng1,/Users/gcrane/github/canonical-latinLit/data/phi1348/abo014/phi1348.abo014.rolfe-eng1.xml,bd4ee1ae7099b24209cbb232b7d45c3e7daf4301f1ca8fda1dcd9ed46722c3c1
phi1348.abo014,translations,holland1899-eng1,/Users/gcrane/github/grcnewxml/data/phi1348/abo014/phi1348.abo014.holland1899-eng1.xml,c4e92444468e240edf9abc3635a7bf32c3db2dc654a510436d157ec078d62542
phi1348.abo014,translations,rolfe1914review-eng1,/Users/gcrane/github/grcnewxml/data/phi1348/abo014/phi1348.abo014.rolfe1914review-eng1.xml,a989b5a5d5c456bdbc9f145e67ccb81b68da59d1d1c0fee44e9a90100e3305d6
phi1348.abo015,editions,perseus-lat2,/Users/gcrane/github/canonical-latinLit/data/phi1348/abo015/phi1348.abo015.perseus-lat2.xml,da6d1afc64fd3f16ddc168c8d36dbe5285b47031eb185a23927f6b1a5d50d51e
phi1348.abo015,translations,perseus-eng2,/Users/gcrane/github/canonical-latinLit/data/phi1348/abo015/phi1348.abo015.perseus-eng2.xml,54bc478768d4a54405243731b81916d5eec5a6abeb3b0f60ccc31b364936bbda
phi1348.abo015,translations,rolfe-eng1,/Users/gcrane/github/canonical-latinLit/data/phi1348/abo015/phi1348.abo015.rolfe-eng1.xml,7a3ef1276c0bc74878e3cb4f1f98f7ad83a3c4fac7b4863450dc072b8abc510c
phi1348.abo015,translations,holland1899-eng1,/Users/gcrane/github/grcnewxml/data/phi1348/abo015/phi1348.abo015.holland1899-eng1.xml,7457b6648116501049224c18831ec630a1b79ff1019f03b529ce7342a3d52032
phi1348.abo015,translations,rolfe1914review-eng1,/Users/gcrane/github/grcnewxml/data/phi1348/abo015/phi1348.abo015.rolfe1914review-eng1.xml,2d872e2d75ca855c02de321f536f8d8b506e4b30d6da7acf9525f611d8c8de54
phi1348.abo016,editions,perseus-lat2,/Users/gcrane/github/canonical-latinLit/data/phi1348/abo016/phi1348.abo016.perseus-lat2.xml,df869692a79850986cbba4e6c873542646883dedbd55c2854c89801d5ad77915
phi1348.abo016,translations,perseus-eng2,/Users/gcrane/github/canonical-latinLit/data/phi1348/abo016/phi1348.abo016.perseus-eng2.xml,1bd8454635bc27a6a838be338fd5a6f4372d0072a673577f4b240b910762e330
phi1348.abo016,translations,rolfe-eng1,/Users/gcrane/github/canonical-latinLit/data/phi1348/abo016/phi1348.abo016.rolfe-eng1.xml,0db10ba6b191432d9d5a6a1a47a48f32f60c42c79d8a5a2d669d23a8e6cc9fe7
phi1348.abo016,translations,holland1899-eng1,/Users/gcrane/github/grcnewxml/data/phi1348/abo016/phi1348.abo016.holland1899-eng1.xml,606871f227e13e692314f0fd7abad5c2b7e39ad5020a84800b6abb9484b37065
phi1348.abo016,translations,rolfe1914review-eng1,/Users/gcrane/github/grcnewxml/data/phi1348/abo016/phi1348.abo016.rolfe1914review-eng1.xml,3972d36d94b92fa7e5299ff59bd7828f9e1869c591e88371630f2f23097f03a3
phi1348.abo017,editions,perseus-lat2,/Users/gcrane/github/canonical-latinLit/data/phi1348/abo017/phi1348.abo017.perseus-lat2.xml,1d6d4f1bf020191a663c1a772b8748532543b78da20cf7e93cd95c0e3f35bde0
phi1348.abo017,translations,perseus-eng2,/Users/gcrane/github/canonical-latinLit/data/phi1348/abo017/phi1348.abo017.perseus-eng2.xml,9adf351ee1adb8475834438a8043bcd01a617f43dbcb0bae49b627f27bdef506
phi1348.abo017,translations,rolfe-eng1,/Users/gcrane/github/canonical-latinLit/data/phi1348/abo017/phi1348.abo017.rolfe-eng1.xml,11158b9eb894fce0b29af9dad51695f8ed2381b430c8ff3f63ed42ea666da367
phi1348.abo017,translations,holland1899-eng1,/Users/gcrane/github/grcnewxml/data/phi1348/abo017/phi1348.abo017.holland1899-eng1.xml,15a323eec2fbc305f4714c795821da6454fe7bed966ce5038991d8531dede987
phi1348.abo017,translations,rolfe1914review-eng1,/Users/gcrane/github/grcnewxml/data/phi1348/abo017/phi1348.abo017.rolfe1914review-eng1.xml,b112e67cabaf7627fe93be98a50cabc72f0f77e8e3fbb2d578d2f2598019c634
phi1348.abo018,editions,perseus-lat2,/Users/gcrane/github/canonical-latinLit/data/phi1348/abo018/phi1348.abo018.perseus-lat2.xml,6fc95f2f6c1706357b4a919920170956f6d5075cb037e2dc2b12c4c53081ec85
phi1348.abo018,translations,perseus-eng2,/Users/gcrane/github/canonical-latinLit/data/phi1348/abo018/phi1348.abo018.perseus-eng2.xml,0092888979f07e44774a4b4c425118897b0685f1c7bfabf4015d43c23eb785f5
phi1348.abo018,translations,rolfe-eng1,/Users/gcrane/github/canonical-latinLit/data/phi1348/abo018/phi1348.abo018.rolfe-eng1.xml,1bb9fdf55fdd3edb329c542f182f46a2f9391c42d94143a9d12dadb2d69afd4d
phi1348.abo018,translations,holland1899-eng1,/Users/gcrane/github/grcnewxml/data/phi1348/abo018/phi1348.abo018.holland1899-eng1.xml,4d3b70f840c986d5fd1bd93c4041ded5ce97de075e1741292553780b5830cbea
phi1348.abo018,translations,rolfe1914review-eng1,/Users/gcrane/github/grcnewxml/data/phi1348/abo018/phi1348.abo018.rolfe1914review-eng1.xml,39d66612401264b99bcb87c071a655f29b00a72b8372806c21b4cdd77ec6e630
phi1348.abo019,editions,perseus-lat2,/Users/gcrane/github/canonical-latinLit/data/phi1348/abo019/phi1348.abo019.perseus-lat2.xml,320b28ebb7e47ca75df77a6844a16355da15580b7faced629262594349df6ecb
phi1348.abo019,translations,perseus-eng2,/Users/gcrane/github/canonical-latinLit/data/phi1348/abo019/phi1348.abo019.perseus-eng2.xml,2bc84d3908835b4e39e1dc928bde484c9bd0faa4b73f1af3d7bf84d1b89ed709
phi1348.abo019,translations,rolfe-eng1,/Users/gcrane/github/canonical-latinLit/data/phi1348/abo019/phi1348.abo019.rolfe-eng1.xml,6d04a44078509ce304b1892beefdd9c6c5264b46f2d7969d5ca43b542650f971
phi1348.abo019,translations,holland1899-eng1,/Users/gcrane/github/grcnewxml/data/phi1348/abo019/phi1348.abo019.holland1899-eng1.xml,a02867fa75c1a9490e3a44636ce363597d59252caa15284d5919a24f3f7836cf
phi1348.abo019,translations,rolfe1914review-eng1,/Users/gcrane/github/grcnewxml/data/phi1348/abo019/phi1348.abo019.rolfe1914review-eng1.xml,1d09ebcc7ce7819e9ca19293556200b408328c31bb482d1e080c119dabbf391b
phi1348.abo020,editions,perseus-lat2,/Users/gcrane/github/canonical-latinLit/data/phi1348/abo020/phi1348.abo020.perseus-lat2.xml,e4e890cebb4bc6a2bb7f29cb525525f29e1e2d1002172c824eb6e3afea9e6f4e
phi1348.abo020,translations,perseus-eng2,/Users/gcrane/github/canonical-latinLit/data/phi1348/abo020/phi1348.abo020.perseus-eng2.xml,03881599fb06ec4b27f07ba33e9ec260a4b58e9bf9cdb24650a60a5495ab5a88
phi1348.abo020,translations,rolfe-eng1,/Users/gcrane/github/canonical-latinLit/data/phi1348/abo020/phi1348.abo020.rolfe-eng1.xml,1d0327f2bae3f050de69c84aa3800163f8119f11cf925975347a23b5a6bfd232
phi1348.abo020,translations,holland1899-eng1,/Users/gcrane/github/grcnewxml/data/phi1348/abo020/phi1348.abo020.holland1899-eng1.xml,741473474beacb161901911dd55d644a4a4762b34e5afcb71199a6db4137eedf
phi1348.abo020,translations,rolfe1914review-eng1,/Users/gcrane/github/grcnewxml/data/phi1348/abo020/phi1348.abo020.rolfe1914review-eng1.xml,a346577e9966cd77d64c0020295215d8fa3e97d9db2e9b211a497dc2b65a60fb
phi1348.abo021,editions,perseus-lat2,/Users/gcrane/github/canonical-latinLit/data/phi1348/abo021/phi1348.abo021.perseus-lat2.xml,7fad14a67a6a8a4e4e6ae71cf175973a29f181672d6dcc8f521365314e3d0fb3
phi1348.abo021,translations,perseus-eng2,/Users/gcrane/github/canonical-latinLit/data/phi1348/abo021/phi1348.abo021.perseus-eng2.xml,c8ff7a8881f38b745910e609550de7aeae735dc850180a5261f01dd0e607d729
phi1348.abo021,translations,rolfe-eng1,/Users/gcrane/github/canonical-latinLit/data/phi1348/abo021/phi1348.abo021.rolfe-eng1.xml,2b155a7136e0caf388f09d69ba70cc5cfc3faec83b5dd71874da9aa48dda18be
phi1348.abo021,translations,holland1899-eng1,/Users/gcrane/github/grcnewxml/data/phi1348/abo021/phi1348.abo021.holland1899-eng1.xml,5b6b8690c0059468c560428c392e2da4e5dc285a9940b011600ab1ba7738c34e
phi1348.abo021,translations,rolfe1914review-eng1,/Users/gcrane/github/grcnewxml/data/phi1348/abo021/phi1348.abo021.rolfe1914review-eng1.xml,f5f512d122045f7af888c0019eabb347c58bb528f5589d91a5776c885ee8c33c
phi1348.abo022,editions,perseus-lat2,/Users/gcrane/github/canonical-latinLit/data/phi1348/abo022/phi1348.abo022.perseus-lat2.xml,834e7b1c30473de315234e04dadbf5e43491738b51893fc7a17caff1ab3a9bb2
phi1348.abo022,translations,perseus-eng2,/Users/gcrane/github/canonical-latinLit/data/phi1348/abo022/phi1348.abo022.perseus-eng2.xml,b58b6df97568a65025edc4fbf0ddb3fd852372378d8ca3edab4fb4b0d48ecf45
phi1348.abo022,translations,rolfe-eng1,/Users/gcrane/github/canonical-latinLit/data/phi1348/abo022/phi1348.abo022.rolfe-eng1.xml,bf2820dd863330ad246b0f9db05e9644c39e584f99375ee7f4b5f9fd94ad11df
phi1348.abo022,translations,holland1899-eng1,/Users/gcrane/github/grcnewxml/data/phi1348/abo022/phi1348.abo022.holland1899-eng1.xml,8f5e9b0f1225c72d9da8ef75168a23e14d6f6f4c057956609548ebd08d4f6248
phi1348.abo022,translations,rolfe1914review-eng1,/Users/gcrane/github/grcnewxml/data/phi1348/abo022/phi1348.abo022.rolfe1914review-eng1.xml,624bde9df87df0df92e358c56ebaa83cf991f6350f41745ae8ee03e9502d4260
