file,note_index,xml_line,reference,xml_page,kind_or_comparison,xml_note,source_volume,source_page,source_sequence,matching_score,source_excerpt,source_before_excerpt,xml_anchor_left,xml_anchor_right,ocr_anchor_gaps,anchor_status,source_url,review_id,legacy_resp,author_attribution_status,source_match_caution,edition_page_link,review_status,reviewer,decision,verified_anchor,evidence
phi1348.abo012.rolfe-eng1-alison.xml,2,119,2.2,125,marginal-date-review,205 B.C.,,,,,,,tribune of the soldiers under the command of aemilius papus his grandfather,content with the offices of a municipal town and possessing an abundant,,unresolved,,L01-N0002,editor,Generic editor; no personal name asserted,No source-page match established by the audit.,,Unreviewed,,,,
phi1348.abo012.rolfe-eng1-alison.xml,6,157,3.2,127,marginal-date-review,61/58 B.C.,,,,,,,his brother quintus who at the time was serving as proconsular governor,of asia with no great credit to himself to imitate his neighbour,,unresolved,,L01-N0006,editor,Generic editor; no personal name asserted,No source-page match established by the audit.,,Unreviewed,,,,
phi1348.abo012.rolfe-eng1-alison.xml,10,198,5.1,129,marginal-date-review,"Sept. 23, 63 B.C.",,,,,,,just before sunrise on the ninth day before the kalends of october,in the consulship of marcus tullius cicero and gaius antonius at the,,unresolved,,L01-N0010,editor,Generic editor; no personal name asserted,No source-page match established by the audit.,,Unreviewed,,,,
phi1348.abo012.rolfe-eng1-alison.xml,12,239,7.1,131,marginal-date-review,27 B.C.,,,,,,,in mark antony s letters by way of insult to which augustus,merely replied that he was surprised that his former name was thrown,,unresolved,,L01-N0012,editor,Generic editor; no personal name asserted,No source-page match established by the audit.,,Unreviewed,,,,
phi1348.abo012.rolfe-eng1-alison.xml,13,245,7.2,131,marginal-date-review,"27
              B.C.",,,,,,,and then the surname augustus the former by the will of his,great uncle the latter on the motion of munatius plancus for when,,unresolved,,L01-N0013,editor,Generic editor; no personal name asserted,No source-page match established by the audit.,,Unreviewed,,,,
phi1348.abo012.rolfe-eng1-alison.xml,15,264,8.1,131,marginal-date-review,"59
                B.C.",,,,,,,been founded at the age of four he lost his father in,his twelfth year he delivered a funeral oration to the assembled people,,unresolved,,L01-N0015,editor,Generic editor; no personal name asserted,No source-page match established by the audit.,,Unreviewed,,,,
phi1348.abo012.rolfe-eng1-alison.xml,16,270,8.1,133,marginal-date-review,46 B.C.,,,,,,,engage the sons of pompey although augustus had hardly yet recovered his,strength after a severe illness he followed over roads beset by the,,unresolved,,L01-N0016,editor,Generic editor; no personal name asserted,No source-page match established by the audit.,,Unreviewed,,,,
phi1348.abo012.rolfe-eng1-alison.xml,17,281,8.2,133,marginal-date-review,44 B.C.,,,,,,,learned that his uncle had been slain and that he was his,heir he was in doubt for some time whether to appeal to,,unresolved,,L01-N0017,editor,Generic editor; no personal name asserted,No source-page match established by the audit.,,Unreviewed,,,,
phi1348.abo012.rolfe-eng1-alison.xml,20,396,13.1,139,marginal-date-review,42 B.C.,,,,,,,antony and lepidus he finished the war of philippi also in two,battles although weakened by illness being driven from his camp in the,,unresolved,,L01-N0020,editor,Generic editor; no personal name asserted,No source-page match established by the audit.,,Unreviewed,,,,
phi1348.abo012.rolfe-eng1-alison.xml,23,433,14.1,141,marginal-date-review,"41
                B.C.",,,,,,,services had led them to hope when lucius antonius at this juncture,attempted a revolution relying on his position as consul and his brother,,unresolved,,L01-N0023,editor,Generic editor; no personal name asserted,No source-page match established by the audit.,,Unreviewed,,,,
phi1348.abo012.rolfe-eng1-alison.xml,25,453,15.1,141,marginal-date-review,"40
                B.C.",,,,,,,one reply you must die some write that three hundred men of,both orders were selected from the prisoners of war and sacrificed on,,unresolved,,L01-N0025,editor,Generic editor; no personal name asserted,No source-page match established by the audit.,,Unreviewed,,,,
phi1348.abo012.rolfe-eng1-alison.xml,26,469,16.1,143,marginal-date-review,43/35 B.C.,,,,,,,to his veterans the sicilian war was among the first that he,began but it was long drawn out by many interruptions now for,,unresolved,,L01-N0026,editor,Generic editor; no personal name asserted,No source-page match established by the audit.,,Unreviewed,,,,
phi1348.abo012.rolfe-eng1-alison.xml,27,529,17.2,145,marginal-date-review,31 B.C.,,,,,,,from ancient days dependents of the antonii not long afterwards he won,the sea fight at actium where the contest continued to so late,,unresolved,,L01-N0027,editor,Generic editor; no personal name asserted,No source-page match established by the audit.,,Unreviewed,,,,
phi1348.abo012.rolfe-eng1-alison.xml,31,671,21.3,153,marginal-date-review,20 B.C.,,,,,,,he laid claim to armenia and at his demand surrendered the stand,ards which they had taken from marcus crassus and marcus antonius they,,unresolved,,L01-N0031,editor,Generic editor; no personal name asserted,No source-page match established by the audit.,,Unreviewed,,,,
phi1348.abo012.rolfe-eng1-alison.xml,35,701,23.1,155,marginal-date-review,9 A.D.,,,,,,,defeats those of lollius and varus both of which were in germany,of these the former was more humiliating than serious but the latter,,unresolved,,L01-N0035,editor,Generic editor; no personal name asserted,No source-page match established by the audit.,,Unreviewed,,,,
phi1348.abo012.rolfe-eng1-alison.xml,36,703,23.1,155,marginal-date-review,15 B.C.,,,,,,,varus both of which were in germany of these the former was,more humiliating than serious but the latter was almost fatal since three,,unresolved,,L01-N0036,editor,Generic editor; no personal name asserted,No source-page match established by the audit.,,Unreviewed,,,,
phi1348.abo012.rolfe-eng1-alison.xml,39,746,24.2,157,documented-editorial-addition,"Carrying the
                pole to measure off the camp, or clods for building the rampart, was the work of
                common soldiers; hence degrading for officers. Cf. Jul. lxvii. 2.citation fixed in 1951.",,,,,,,or again holding ten foot poles or even a clod of earth,after the civil wars he never called any of the troops comrades,,unresolved,,L01-N0039,editor,Generic editor; no personal name asserted,No source-page match established by the audit.,,Unreviewed,,,,
phi1348.abo012.rolfe-eng1-alison.xml,40,770,25.2,157,documented-editorial-addition,"1951: even these he levied, when they were slaves, from men
                and women of means",,,,,,,levied on men and women of means while they were still slaves,and at once gave them freedom and he kept them under their,,unresolved,,L01-N0040,grc,Explicit legacy label: grc,No source-page match established by the audit.,,Unreviewed,,,,
phi1348.abo012.rolfe-eng1-alison.xml,43,809,26.1,159,marginal-date-review,"43
                B.C.",,,,,,,his age leading his legions against the city as if it were,that of an enemy and sending messengers to demand the office for,,unresolved,,L01-N0043,editor,Generic editor; no personal name asserted,No source-page match established by the audit.,,Unreviewed,,,,
phi1348.abo012.rolfe-eng1-alison.xml,44,818,26.2,161,marginal-date-review,33 B.C.,,,,,,,him consul if you do not he held his second consulship nine,years later and a third after a year s interval the rest,,unresolved,,L01-N0044,editor,Generic editor; no personal name asserted,No source-page match established by the audit.,,Unreviewed,,,,
phi1348.abo012.rolfe-eng1-alison.xml,45,819,26.2,161,marginal-date-review,31 B.C.,,,,,,,nine years later and a third after a year s interval the,rest up to the eleventh were in successive years then after declining,,unresolved,,L01-N0045,editor,Generic editor; no personal name asserted,No source-page match established by the audit.,,Unreviewed,,,,
phi1348.abo012.rolfe-eng1-alison.xml,46,820,26.2,161,marginal-date-review,30/23 B.C.,,,,,,,s interval the rest up to the eleventh were in successive years,then after declining a number of terms that were offered him he,,unresolved,,L01-N0046,editor,Generic editor; no personal name asserted,No source-page match established by the audit.,,Unreviewed,,,,
phi1348.abo012.rolfe-eng1-alison.xml,47,823,26.2,161,marginal-date-review,5 B.C.,,,,,,,twelfth after a long interval no less than seventeen years and two,years later for a thirteenth wishing to hold the highest magistracy at,,unresolved,,L01-N0047,editor,Generic editor; no personal name asserted,No source-page match established by the audit.,,Unreviewed,,,,
phi1348.abo012.rolfe-eng1-alison.xml,48,824,26.2,161,marginal-date-review,2 B.C.,,,,,,,years and two years later for a thirteenth wishing to hold the,highest magistracy at the time when he introduced each of his sons,,unresolved,,L01-N0048,editor,Generic editor; no personal name asserted,No source-page match established by the audit.,,Unreviewed,,,,
phi1348.abo012.rolfe-eng1-alison.xml,50,879,27.4,163,documented-editorial-addition,1951: centurios and soldiers,,,,,,,little later he had gallius hustled from the tribunal by some centurions,tortured him as if he were a slave and though he made,,unresolved,,L01-N0050,grc,Explicit legacy label: grc,No source-page match established by the audit.,,Unreviewed,,,,
phi1348.abo012.rolfe-eng1-alison.xml,52,908,28.1,165,documented-editorial-addition,1951: of more than one,,,,,,,be hazardous to trust the state to the control of the populace,he continued to keep it in his hands and it is not,,unresolved,,L01-N0052,grc,Explicit legacy label: grc,No source-page match established by the audit.,,Unreviewed,,,,
phi1348.abo012.rolfe-eng1-alison.xml,55,941,29.1,167,marginal-date-review,24 B.C.,,,,,,,works in particular the following his forum with the temple of mars,the avenger the temple of apollo on the palatine and the fane,,unresolved,,L01-N0055,editor,Generic editor; no personal name asserted,No source-page match established by the audit.,,Unreviewed,,,,
phi1348.abo012.rolfe-eng1-alison.xml,56,942,29.1,167,marginal-date-review,28 B.C.,,,,,,,temple of mars the avenger the temple of apollo on the palatine,and the fane of jupiter the thunderer on the capitol his reason,,unresolved,,L01-N0056,editor,Generic editor; no personal name asserted,No source-page match established by the audit.,,Unreviewed,,,,
phi1348.abo012.rolfe-eng1-alison.xml,57,943,29.1,167,marginal-date-review,22 B.C.,,,,,,,on the palatine and the fane of jupiter the thunderer on the,capitol his reason for building the forum was the increase in the,,unresolved,,L01-N0057,editor,Generic editor; no personal name asserted,No source-page match established by the audit.,,Unreviewed,,,,
phi1348.abo012.rolfe-eng1-alison.xml,59,972,29.4,169,documented-editorial-addition,"1951
                edition: grandsons and nephews",,,,,,,he constructed some works too in the name of others his grandsons,to wit his wife and his sister such as the colonnade and,,unresolved,,L01-N0059,,No explicit resp in legacy XML,No source-page match established by the audit.,,Unreviewed,,,,
phi1348.abo012.rolfe-eng1-alison.xml,60,974,29.4,169,marginal-date-review,12 B.C.,,,,,,,wife and his sister such as the colonnade and basilica of gaius,and lucius also the colonnades of livia and octavia and the theatre,,unresolved,,L01-N0060,editor,Generic editor; no personal name asserted,No source-page match established by the audit.,,Unreviewed,,,,
phi1348.abo012.rolfe-eng1-alison.xml,62,976,29.4,169,marginal-date-review,13 B.C.,,,,,,,also the colonnades of livia and octavia and the theatre of marcellus,more than that he often urged other prominent men to adorn the,,unresolved,,L01-N0062,editor,Generic editor; no personal name asserted,No source-page match established by the audit.,,Unreviewed,,,,
phi1348.abo012.rolfe-eng1-alison.xml,63,1019,31.1,171,marginal-date-review,"13
                B.C.",,,,,,,value of fifty million sesterces after he finally assumed the office of,pontifex maximus on the death of lepidus for he could not make,,unresolved,,L01-N0063,editor,Generic editor; no personal name asserted,No source-page match established by the audit.,,Unreviewed,,,,
phi1348.abo012.rolfe-eng1-alison.xml,64,1031,31.2,171,marginal-date-review,"8
                B.C.",,,,,,,its former system and in making this arrangement he called the month,sextilis by his own surname rather than his birth month september because,,unresolved,,L01-N0064,editor,Generic editor; no personal name asserted,No source-page match established by the audit.,,Unreviewed,,,,
phi1348.abo012.rolfe-eng1-alison.xml,83,1317,40.2,185,documented-editorial-addition,"1951: disrict by
                district.",,,,,,,s estate he revised the lists of the people street by street,and to prevent the commons from being called away from their occupations,,unresolved,,L01-N0083,grc,Explicit legacy label: grc,No source-page match established by the audit.,,Unreviewed,,,,
phi1348.abo012.rolfe-eng1-alison.xml,88,1372,41.1,189,documented-editorial-addition,fixed periods without interest,,,,,,,of those who had been condemned he loaned it for fixed periods,to any who could give security for double the amount he increased,,unresolved,,L01-N0088,grc,Explicit legacy label: grc,No source-page match established by the audit.,,Unreviewed,,,,
phi1348.abo012.rolfe-eng1-alison.xml,93,1476,43.4,195,documented-editorial-addition,"1951: cubits in front of the
                Comitium",,,,,,,on the stage and a snake of fifty cubits in the comitium,it chanced that at the time of the games which he had,,unresolved,,L01-N0093,grc,Explicit legacy label: grc,No source-page match established by the audit.,,Unreviewed,,,,
phi1348.abo012.rolfe-eng1-alison.xml,103,1704,51.1,205,documented-editorial-addition,1951: with a fine and with a mild form of banishment respectively,,,,,,,and cassius patavinus with a fine and a mild form of banishment,although the former had circulated a most scathing letter about him under,,unresolved,,L01-N0103,grc,Explicit legacy label: grc,No source-page match established by the audit.,,Unreviewed,,,,
phi1348.abo012.rolfe-eng1-alison.xml,127,2269,70.1,231,documented-editorial-addition,"The choragus at Athens had charge of the costuming and
                  stage setting of plays. Hence the meaning is here ""when they had found someone to
                  make them up."" [1951 edition adds: On the passage in general, see Scott, Mem.
                  Amer. Acad. in Rome, xi. 30 ff.]",,,,,,,knows as soon as that table of rascals had secured a choragus,and mallia saw six gods and six goddesses while caesar impiously plays,,unresolved,,L01-N0127,editor,Generic editor; no personal name asserted,No source-page match established by the audit.,,Unreviewed,,,,
phi1348.abo012.rolfe-eng1-alison.xml,142,2473,76.2,241,documented-editorial-addition,"See chap. xxxi. 5; some think that the reference is to the Regia in
                  the Forum. [1951 edition: Not the same as regia in xxxi. 5; see Trans. Amer. Phil.
                  Assoc. xlvi. 35 ff.]",,,,,,,and again as i was going home from the colonnade of pompey,in my litter i devoured an ounce of bread and a few,,unresolved,,L01-N0142,editor,Generic editor; no personal name asserted,No source-page match established by the audit.,,Unreviewed,,,,
phi1348.abo012.rolfe-eng1-alison.xml,171,2897,92.1,261,documented-editorial-addition,"1951: If his shoes were put on in the wrong way in the morning, the left
                instead of the right",,,,,,,in the wrong order in the morning the left before the right,he considered it a bad sign if there chanced to be a,,unresolved,,L01-N0171,GRC,Explicit legacy label: GRC,No source-page match established by the audit.,,Unreviewed,,,,
phi1348.abo012.rolfe-eng1-alison.xml,175,2931,93.1,263,documented-editorial-addition,1951: of Attic Ceres.,,,,,,,a case at rome involving the privileges of the priests of ceres,in which certain matters of secrecy were brought up he dismissed his,,unresolved,,L01-N0175,grc,Explicit legacy label: grc,No source-page match established by the audit.,,Unreviewed,,,,
phi1348.abo012.rolfe-eng1-alison.xml,176,2934,93.1,263,documented-editorial-addition,1951: omitted,,,,,,,disputants in private but on the other hand he not only refused,to make a slight detour to visit apis when he was travelling,,unresolved,,L01-N0176,grc,Explicit legacy label: grc,No source-page match established by the audit.,,Unreviewed,,,,
phi1348.abo012.rolfe-eng1-alison.xml,182,3018,94.7,269,documented-editorial-addition,1951: lunching,,,,,,,since then no frog has ever croaked there as he was breakfasting,in a grove at the fourth milestone on the campanian road an,,unresolved,,L01-N0182,grc,Explicit legacy label: grc,No source-page match established by the audit.,,Unreviewed,,,,
phi1348.abo012.rolfe-eng1-alison.xml,184,3029,94.8,269,documented-editorial-addition,1951: fold,,,,,,,family who were playing around his altar and put in the lap,of his toga an image of roma which he was carrying in,,unresolved,,L01-N0184,grc,Explicit legacy label: grc,No source-page match established by the audit.,,Unreviewed,,,,
phi1348.abo012.rolfe-eng1-alison.xml,188,3083,94.12,273,documented-editorial-addition,1951: the sign of the constellation,,,,,,,his horoscope public and issued a silver coin stamped with the constellation,capricornus under which he was born as he was entering the city,,unresolved,,L01-N0188,grc,Explicit legacy label: grc,No source-page match established by the audit.,,Unreviewed,,,,
phi1348.abo012.rolfe-eng1-alison.xml,189,3098,95.1,273,documented-editorial-addition,1951:doubled inward,,,,,,,victims the livers within all of them were found to be double,at the lower end which all those who were skilled in such,,unresolved,,L01-N0189,grc,Explicit legacy label: grc,No source-page match established by the audit.,,Unreviewed,,,,
phi1348.abo012.rolfe-eng1-alison.xml,195,3209,98.4,279,documented-editorial-addition,"The City of Do-nothings. There is no island "" near
                Capreae,"" and ""the neighbouring island of
                Capreae"" is meaningless; if the text is sound, Suetonius is careless, or we must
                take Capreis as a locative, and regard vicinam as used in a partitive sense like
                reliquus, primus, etc. [1951 edition: The Land of Do-nothings. As there is no island
                ""near Capreae,"" I take Capreis as locative, and vicinam as partitive. But see
                McDaniel, T.A.P.A., xlv. 17 ff. and Della Corte, Apragopoli, etc. and Augustiana
                (Naples, 1933, 1934). The latter reads Capreas and takes insula as ""aggregato
                civico"" (pagus or vicus).]",,,,,,,indulge he called the neighbouring part of the island of capreae apragopolis,from the laziness of some of his company who sojourned there besides,,unresolved,,L01-N0195,editor,Generic editor; no personal name asserted,No source-page match established by the audit.,,Unreviewed,,,,
phi1348.abo012.rolfe-eng1-alison.xml,200,3281,100.1,283,marginal-date-review,Aug 19 14. A.D,,,,,,,the ninth hour just thirty five days before his seventy sixth birthday,his body was carried by the senators of the municipalities and colonies,,unresolved,,L01-N0200,editor,Generic editor; no personal name asserted,No source-page match established by the audit.,,Unreviewed,,,,
phi1348.abo012.rolfe-eng1-alison.xml,202,3316,100.4,285,marginal-date-review,"28
                B.C",,,,,,,structure he had built in his sixth consulship between the via flaminia,and the bank of the tiber and at the same time opened,,unresolved,,L01-N0202,editor,Generic editor; no personal name asserted,No source-page match established by the audit.,,Unreviewed,,,,
phi1348.abo012.rolfe-eng1-alison.xml,203,3327,101.1,285,marginal-date-review,"April 3, 13 A.D.",,,,,,,it was surrounded he had made a will in the consulship of,lucius plancus and gaius silius on the third day before the nones,,unresolved,,L01-N0203,editor,Generic editor; no personal name asserted,No source-page match established by the audit.,,Unreviewed,,,,
phi1348.abo012.rolfe-eng1-alison.xml,208,3347,101.2,285,documented-editorial-addition,"1951: to the city cohorts five
                hundred;",,,,,,,hundred thousand to the soldiers of the pretorian guard a thousand each,and to the legionaries three hundred this sum he ordered to be,,unresolved,,L01-N0208,grc,Explicit legacy label: grc,No source-page match established by the audit.,,Unreviewed,,,,
phi1348.abo012.rolfe-eng1-alison.xml,209,3359,101.3,287,documented-editorial-addition,"well as his two paternal
                estates and his other inheritances, for the benefit of the State",,,,,,,as the estates left him by his natural and his adoptive father,for the benefit of the state he gave orders that his daughter,,unresolved,,L01-N0209,grc,Explicit legacy label: grc,No source-page match established by the audit.,,Unreviewed,,,,
suet.aug.rolfe_eng1.xml,8,115,5.1,,marginal-date-review,"Sept. 28, 63 B.C.",,,,,,,just before sunrise on the ninth day before the kalends of october,in the consulship of marcus tullius cicero and gaius antonius at the,,unresolved,,L03-N0008,,No explicit resp in legacy XML,No source-page match established by the audit.,,Unreviewed,,,,
suetonius.aug.loeb_eng1.xml,2,93,2.2,125,marginal-date-review,205 B.C.,,,,,,,tribune of the soldiers under the command of aemilius papus his grandfather,content with the offices of a municipal town and possessing an abundant,,unresolved,,L07-N0002,editor,Generic editor; no personal name asserted,No source-page match established by the audit.,,Unreviewed,,,,
suetonius.aug.loeb_eng1.xml,6,105,3.2,127,marginal-date-review,61/58 B.C.,,,,,,,his brother quintus who at the time was serving as proconsular governor,of asia with no great credit to himself to imitate his neighbour,,unresolved,,L07-N0006,editor,Generic editor; no personal name asserted,No source-page match established by the audit.,,Unreviewed,,,,
suetonius.aug.loeb_eng1.xml,10,120,5.1,129,marginal-date-review,"Sept. 23, 63 B.C.",,,,,,,just before sunrise on the ninth day before the kalends of october,in the consulship of marcus tullius cicero and gaius antonius at the,,unresolved,,L07-N0010,editor,Generic editor; no personal name asserted,No source-page match established by the audit.,,Unreviewed,,,,
suetonius.aug.loeb_eng1.xml,12,132,7.1,131,marginal-date-review,27 B.C.,,,,,,,in mark antony s letters by way of insult to which augustus,merely replied that he was surprised that his former name was thrown,,unresolved,,L07-N0012,editor,Generic editor; no personal name asserted,No source-page match established by the audit.,,Unreviewed,,,,
suetonius.aug.loeb_eng1.xml,14,141,8.1,131,marginal-date-review,59 B.C.,,,,,,,been founded at the age of four he lost his father in,his twelfth year he delivered a funeral oration to the assembled people,,unresolved,,L07-N0014,editor,Generic editor; no personal name asserted,No source-page match established by the audit.,,Unreviewed,,,,
suetonius.aug.loeb_eng1.xml,15,141,8.1,133,marginal-date-review,46 B.C.,,,,,,,engage the sons of pompey although augustus had hardly yet recovered his,strength after a severe illness he followed over roads beset by the,,unresolved,,L07-N0015,editor,Generic editor; no personal name asserted,No source-page match established by the audit.,,Unreviewed,,,,
suetonius.aug.loeb_eng1.xml,16,144,8.2,133,marginal-date-review,44 B.C.,,,,,,,learned that his uncle had been slain and that he was his,heir he was in doubt for some time whether to appeal to,,unresolved,,L07-N0016,editor,Generic editor; no personal name asserted,No source-page match established by the audit.,,Unreviewed,,,,
suetonius.aug.loeb_eng1.xml,19,187,13.1,139,marginal-date-review,42 B.C.,,,,,,,antony and lepidus he finished the war of philippi also in two,battles although weakened by illness being driven from his camp in the,,unresolved,,L07-N0019,editor,Generic editor; no personal name asserted,No source-page match established by the audit.,,Unreviewed,,,,
suetonius.aug.loeb_eng1.xml,22,199,14.1,141,marginal-date-review,41 B.C.,,,,,,,services had led them to hope when lucius antonius at this juncture,attempted a revolution relying on his position as consul and his brother,,unresolved,,L07-N0022,editor,Generic editor; no personal name asserted,No source-page match established by the audit.,,Unreviewed,,,,
suetonius.aug.loeb_eng1.xml,24,205,15.1,141,marginal-date-review,40 B.C.,,,,,,,one reply you must die some write that three hundred men of,both orders were selected from the prisoners of war and sacrificed on,,unresolved,,L07-N0024,editor,Generic editor; no personal name asserted,No source-page match established by the audit.,,Unreviewed,,,,
suetonius.aug.loeb_eng1.xml,25,211,16.1,143,marginal-date-review,43/35 B.C.,,,,,,,to his veterans the sicilian war was among the first that he,began but it was long drawn out by many interruptions now for,,unresolved,,L07-N0025,editor,Generic editor; no personal name asserted,No source-page match established by the audit.,,Unreviewed,,,,
suetonius.aug.loeb_eng1.xml,26,229,17.2,145,marginal-date-review,31 B.C.,,,,,,,from ancient days dependents of the antonii not long afterwards he won,the sea fight at actium where the contest continued to so late,,unresolved,,L07-N0026,editor,Generic editor; no personal name asserted,No source-page match established by the audit.,,Unreviewed,,,,
suetonius.aug.loeb_eng1.xml,30,274,21.3,153,marginal-date-review,20 B.C.,,,,,,,he laid claim to armenia and at his demand surrendered the stand,ards which they had taken from marcus crassus and marcus antonius they,,unresolved,,L07-N0030,editor,Generic editor; no personal name asserted,No source-page match established by the audit.,,Unreviewed,,,,
suetonius.aug.loeb_eng1.xml,34,286,23.1,155,marginal-date-review,9 A.D.,,,,,,,defeats those of lollius and varus both of which were in germany,of these the former was more humiliating than serious but the latter,,unresolved,,L07-N0034,editor,Generic editor; no personal name asserted,No source-page match established by the audit.,,Unreviewed,,,,
suetonius.aug.loeb_eng1.xml,35,286,23.1,155,marginal-date-review,15 B.C.,,,,,,,varus both of which were in germany of these the former was,more humiliating than serious but the latter was almost fatal since three,,unresolved,,L07-N0035,editor,Generic editor; no personal name asserted,No source-page match established by the audit.,,Unreviewed,,,,
suetonius.aug.loeb_eng1.xml,38,298,24.2,157,documented-editorial-addition,"Carrying the pole to measure off the camp, or clods for building the rampart, was the work of common soldiers; hence degrading for officers. Cf. Jul. lxvii. 2.citation fixed in 1951.",,,,,,,or again holding ten foot poles or even a clod of earth,after the civil wars he never called any of the troops comrades,,unresolved,,L07-N0038,editor,Generic editor; no personal name asserted,No source-page match established by the audit.,,Unreviewed,,,,
suetonius.aug.loeb_eng1.xml,39,307,25.2,157,documented-editorial-addition,"1951: even these he levied, when they were slaves, from men and women of means",,,,,,,levied on men and women of means while they were still slaves,and at once gave them freedom and he kept them under their,,unresolved,,L07-N0039,grc,Explicit legacy label: grc,No source-page match established by the audit.,,Unreviewed,,,,
suetonius.aug.loeb_eng1.xml,42,319,26.1,159,marginal-date-review,43 B.C.,,,,,,,his age leading his legions against the city as if it were,that of an enemy and sending messengers to demand the office for,,unresolved,,L07-N0042,editor,Generic editor; no personal name asserted,No source-page match established by the audit.,,Unreviewed,,,,
suetonius.aug.loeb_eng1.xml,43,322,26.2,161,marginal-date-review,33 B.C.,,,,,,,him consul if you do not he held his second consulship nine,years later and a third after a year s interval the rest,,unresolved,,L07-N0043,editor,Generic editor; no personal name asserted,No source-page match established by the audit.,,Unreviewed,,,,
suetonius.aug.loeb_eng1.xml,44,322,26.2,161,marginal-date-review,31 B.C.,,,,,,,nine years later and a third after a year s interval the,rest up to the eleventh were in successive years then after declining,,unresolved,,L07-N0044,editor,Generic editor; no personal name asserted,No source-page match established by the audit.,,Unreviewed,,,,
suetonius.aug.loeb_eng1.xml,45,322,26.2,161,marginal-date-review,30/23 B.C.,,,,,,,nine years later and a third after a year s interval the,rest up to the eleventh were in successive years then after declining,,unresolved,,L07-N0045,editor,Generic editor; no personal name asserted,No source-page match established by the audit.,,Unreviewed,,,,
suetonius.aug.loeb_eng1.xml,46,322,26.2,161,marginal-date-review,5 B.C.,,,,,,,twelfth after a long interval no less than seventeen years and two,years later for a thirteenth wishing to hold the highest magistracy at,,unresolved,,L07-N0046,editor,Generic editor; no personal name asserted,No source-page match established by the audit.,,Unreviewed,,,,
suetonius.aug.loeb_eng1.xml,47,322,26.2,161,marginal-date-review,2 B.C.,,,,,,,years and two years later for a thirteenth wishing to hold the,highest magistracy at the time when he introduced each of his sons,,unresolved,,L07-N0047,editor,Generic editor; no personal name asserted,No source-page match established by the audit.,,Unreviewed,,,,
suetonius.aug.loeb_eng1.xml,49,340,27.4,163,documented-editorial-addition,1951: centurios and soldiers,,,,,,,little later he had gallius hustled from the tribunal by some centurions,tortured him as if he were a slave and though he made,,unresolved,,L07-N0049,grc,Explicit legacy label: grc,No source-page match established by the audit.,,Unreviewed,,,,
suetonius.aug.loeb_eng1.xml,51,349,28.1,165,documented-editorial-addition,1951: of more than one,,,,,,,be hazardous to trust the state to the control of the populace,he continued to keep it in his hands and it is not,,unresolved,,L07-N0051,grc,Explicit legacy label: grc,No source-page match established by the audit.,,Unreviewed,,,,
suetonius.aug.loeb_eng1.xml,54,361,29.1,167,marginal-date-review,24 B.C.,,,,,,,works in particular the following his forum with the temple of mars,the avenger the temple of apollo on the palatine and the fane,,unresolved,,L07-N0054,editor,Generic editor; no personal name asserted,No source-page match established by the audit.,,Unreviewed,,,,
suetonius.aug.loeb_eng1.xml,55,361,29.1,167,marginal-date-review,28 B.C.,,,,,,,temple of mars the avenger the temple of apollo on the palatine,and the fane of jupiter the thunderer on the capitol his reason,,unresolved,,L07-N0055,editor,Generic editor; no personal name asserted,No source-page match established by the audit.,,Unreviewed,,,,
suetonius.aug.loeb_eng1.xml,56,361,29.1,167,marginal-date-review,22 B.C.,,,,,,,on the palatine and the fane of jupiter the thunderer on the,capitol his reason for building the forum was the increase in the,,unresolved,,L07-N0056,editor,Generic editor; no personal name asserted,No source-page match established by the audit.,,Unreviewed,,,,
suetonius.aug.loeb_eng1.xml,57,370,29.4,169,documented-editorial-addition,1951 edition: grandsons and newphews,,,,,,,he constructed some works too in the name of others his grandsons,to wit his wife and his sister such as the colonnade and,,unresolved,,L07-N0057,,No explicit resp in legacy XML,No source-page match established by the audit.,,Unreviewed,,,,
suetonius.aug.loeb_eng1.xml,58,370,29.4,169,marginal-date-review,12 B.C.,,,,,,,wife and his sister such as the colonnade and basilica of gaius,and lucius also the colonnades of livia and octavia and the theatre,,unresolved,,L07-N0058,editor,Generic editor; no personal name asserted,No source-page match established by the audit.,,Unreviewed,,,,
suetonius.aug.loeb_eng1.xml,60,370,29.4,169,marginal-date-review,13 B.C.,,,,,,,also the colonnades of livia and octavia and the theatre of marcellus,more than that he often urged other prominent men to adorn the,,unresolved,,L07-N0060,editor,Generic editor; no personal name asserted,No source-page match established by the audit.,,Unreviewed,,,,
suetonius.aug.loeb_eng1.xml,61,388,31.1,171,marginal-date-review,13 B.C.,,,,,,,value of fifty million sesterces after he finally assumed the office of,pontifex maximus on the death of lepidus for he could not make,,unresolved,,L07-N0061,editor,Generic editor; no personal name asserted,No source-page match established by the audit.,,Unreviewed,,,,
suetonius.aug.loeb_eng1.xml,62,391,31.2,171,marginal-date-review,8 B.C.,,,,,,,its former system and in making this arrangement he called the month,sextilis by his own surname rather than his birth month september because,,unresolved,,L07-N0062,editor,Generic editor; no personal name asserted,No source-page match established by the audit.,,Unreviewed,,,,
suetonius.aug.loeb_eng1.xml,81,487,40.2,185,documented-editorial-addition,1951: disrict by district.,,,,,,,s estate he revised the lists of the people street by street,and to prevent the commons from being called away from their occupations,,unresolved,,L07-N0081,grc,Explicit legacy label: grc,No source-page match established by the audit.,,Unreviewed,,,,
suetonius.aug.loeb_eng1.xml,86,502,41.1,189,documented-editorial-addition,fixed periods without interest,,,,,,,of those who had been condemned he loaned it for fixed periods,to any who could give security for double the amount he increased,,unresolved,,L07-N0086,grc,Explicit legacy label: grc,No source-page match established by the audit.,,Unreviewed,,,,
suetonius.aug.loeb_eng1.xml,91,532,43.4,195,documented-editorial-addition,1951: cubits in front of the Comitium,,,,,,,on the stage and a snake of fifty cubits in the comitium,it chanced that at the time of the games which he had,,unresolved,,L07-N0091,grc,Explicit legacy label: grc,No source-page match established by the audit.,,Unreviewed,,,,
suetonius.aug.loeb_eng1.xml,100,604,51.1,205,documented-editorial-addition,1951: with a fine and with a mild form of banishment respectively,,,,,,,and cassius patavinus with a fine and a mild form of banishment,although the former had circulated a most scathing letter about him under,,unresolved,,L07-N0100,grc,Explicit legacy label: grc,No source-page match established by the audit.,,Unreviewed,,,,
suetonius.aug.loeb_eng1.xml,110,792,70.1,231,documented-editorial-addition,"The choragus at Athens had charge of the costuming and stage setting of plays. Hence the meaning is here ""when they had found someone to make them up."" [1951 edition adds: On the passage in general, see Scott, Mem. Amer. Acad. in Rome, xi. 30 ff.]",,,,,,,knows as soon as that table of rascals had secured a choragus,and mallia saw six gods and six goddesses while caesar impiously plays,,unresolved,,L07-N0110,editor,Generic editor; no personal name asserted,No source-page match established by the audit.,,Unreviewed,,,,
suetonius.aug.loeb_eng1.xml,122,856,76.2,241,documented-editorial-addition,See chap. xxxi. 5; some think that the reference is to the Regia in the Forum. [1951 edition: Not the same as regia in xxxi. 5; see Trans. Amer. Phil. Assoc. xlvi. 35 ff.],,,,,,,and again as i was going home from the colonnade of pompey,in my litter i devoured an ounce of bread and a few,,unresolved,,L07-N0122,editor,Generic editor; no personal name asserted,No source-page match established by the audit.,,Unreviewed,,,,
suetonius.aug.loeb_eng1.xml,150,990,92.1,261,documented-editorial-addition,"1951: If his shoes were put on in the wrong way in the morning, the left instead of the right",,,,,,,in the wrong order in the morning the left before the right,he considered it a bad sign if there chanced to be a,,unresolved,,L07-N0150,GRC,Explicit legacy label: GRC,No source-page match established by the audit.,,Unreviewed,,,,
suetonius.aug.loeb_eng1.xml,154,999,93.1,263,documented-editorial-addition,1951: of Attic Ceres.,,,,,,,a case at rome involving the privileges of the priests of ceres,in which certain matters of secrecy were brought up he dismissed his,,unresolved,,L07-N0154,grc,Explicit legacy label: grc,No source-page match established by the audit.,,Unreviewed,,,,
suetonius.aug.loeb_eng1.xml,155,999,93.1,263,documented-editorial-addition,1951: omitted,,,,,,,disputants in private but on the other hand he not only refused,to make a slight detour to visit apis when he was travelling,,unresolved,,L07-N0155,grc,Explicit legacy label: grc,No source-page match established by the audit.,,Unreviewed,,,,
suetonius.aug.loeb_eng1.xml,161,1023,94.7,269,documented-editorial-addition,1951: lunching,,,,,,,since then no frog has ever croaked there as he was breakfasting,in a grove at the fourth milestone on the campanian road an,,unresolved,,L07-N0161,grc,Explicit legacy label: grc,No source-page match established by the audit.,,Unreviewed,,,,
suetonius.aug.loeb_eng1.xml,163,1026,94.8,269,documented-editorial-addition,1951: fold,,,,,,,family who were playing around his altar and put in the lap,of his toga an image of roma which he was carrying in,,unresolved,,L07-N0163,grc,Explicit legacy label: grc,No source-page match established by the audit.,,Unreviewed,,,,
suetonius.aug.loeb_eng1.xml,167,1038,94.12,273,documented-editorial-addition,1951: the sign of the constellation,,,,,,,his horoscope public and issued a silver coin stamped with the constellation,capricornus under which he was born as he was entering the city,,unresolved,,L07-N0167,grc,Explicit legacy label: grc,No source-page match established by the audit.,,Unreviewed,,,,
suetonius.aug.loeb_eng1.xml,168,1044,95.1,273,documented-editorial-addition,1951:doubled inward,,,,,,,victims the livers within all of them were found to be double,at the lower end which all those who were skilled in such,,unresolved,,L07-N0168,grc,Explicit legacy label: grc,No source-page match established by the audit.,,Unreviewed,,,,
suetonius.aug.loeb_eng1.xml,174,1080,98.4,279,documented-editorial-addition,"The City of Do-nothings. There is no island "" near Capreae,"" and ""the neighbouring island of Capreae"" is meaningless; if the text is sound, Suetonius is careless, or we must take Capreis as a locative, and regard vicinam as used in a partitive sense like reliquus, primus, etc. [1951 edition: The Land of Do-nothings. As there is no island ""near Capreae,"" I take Capreis as locative, and vicinam as partitive. But see McDaniel, T.A.P.A., xlv. 17 ff. and Della Corte, Apragopoli, etc. and Augustiana (Naples, 1933, 1934). The latter reads Capreas and takes insula as ""aggregato civico"" (pagus or vicus).]",,,,,,,indulge he called the neighbouring part of the island of capreae apragopolis,from the laziness of some of his company who sojourned there besides,,unresolved,,L07-N0174,editor,Generic editor; no personal name asserted,No source-page match established by the audit.,,Unreviewed,,,,
suetonius.aug.loeb_eng1.xml,183,1116,101.2,285,documented-editorial-addition,1951: to the city cohorts five hundred;,,,,,,,hundred thousand to the soldiers of the pretorian guard a thousand each,and to the legionaries three hundred this sum he ordered to be,,unresolved,,L07-N0183,grc,Explicit legacy label: grc,No source-page match established by the audit.,,Unreviewed,,,,
suetonius.aug.loeb_eng1.xml,184,1119,101.3,287,documented-editorial-addition,"well as his two paternal estates and his other inheritances, for the benefit of the State",,,,,,,as the estates left him by his natural and his adoptive father,for the benefit of the state he gave orders that his daughter,,unresolved,,L07-N0184,grc,Explicit legacy label: grc,No source-page match established by the audit.,,Unreviewed,,,,
suetonius.cal.loeb_eng1.xml,1,84,1.1,,marginal-date-review,4 A.D.,,,,,,,younger antonia after being adopted by his paternal uncle tiberius held the,quaestorship five years before the legal age and passed directly to the,,unresolved,,L08-N0001,editor,Generic editor; no personal name asserted,No source-page match established by the audit.,,Unreviewed,,,,
suetonius.cal.loeb_eng1.xml,2,84,1.1,,marginal-date-review,7 A.D.,,,,,,,uncle tiberius held the quaestorship five years before the legal age and,passed directly to the consulship when the death of augustus was announced,,unresolved,,L08-N0002,editor,Generic editor; no personal name asserted,No source-page match established by the audit.,,Unreviewed,,,,
suetonius.cal.loeb_eng1.xml,4,84,1.1,,marginal-date-review,12 A.D.,,,,,,,before the legal age and passed directly to the consulship when the,death of augustus was announced he was sent to the army in,,unresolved,,L08-N0004,editor,Generic editor; no personal name asserted,No source-page match established by the audit.,,Unreviewed,,,,
suetonius.cal.loeb_eng1.xml,5,84,1.1,,marginal-date-review,14 A.D.,,,,,,,the consulship when the death of augustus was announced he was sent,to the army in germany where it is hard to say whether,,unresolved,,L08-N0005,editor,Generic editor; no personal name asserted,No source-page match established by the audit.,,Unreviewed,,,,
suetonius.cal.loeb_eng1.xml,7,87,1.2,,marginal-date-review,17 A.D.,,,,,,,them to their allegiance and later he won a victory over the,enemy and celebrated a triumph then chosen consul for a second time,,unresolved,,L08-N0007,editor,Generic editor; no personal name asserted,No source-page match established by the audit.,,Unreviewed,,,,
suetonius.cal.loeb_eng1.xml,8,87,1.2,,marginal-date-review,18 A.D.,,,,,,,won a victory over the enemy and celebrated a triumph then chosen,consul for a second time before he entered on his term he,,unresolved,,L08-N0008,editor,Generic editor; no personal name asserted,No source-page match established by the audit.,,Unreviewed,,,,
suetonius.cal.loeb_eng1.xml,15,139,8.1,413,marginal-date-review,"Aug. 31, 12 A.D.",,,,,,,the accusation of tiberius gaius caesar was born the day before the,kalends of september in the consulship of his father and gaius fonteius,,unresolved,,L08-N0015,editor,Generic editor; no personal name asserted,No source-page match established by the audit.,,Unreviewed,,,,
suetonius.cal.loeb_eng1.xml,18,150,8.4,415,marginal-date-review,"May 18, 14 A.D.",,,,,,,your boy gaius on the fifteenth day before the kalends of june,if it be the will of the gods i send with him,,unresolved,,L08-N0018,editor,Generic editor; no personal name asserted,No source-page match established by the audit.,,Unreviewed,,,,
suetonius.cal.loeb_eng1.xml,20,165,10.1,417,marginal-date-review,29 A.D.,,,,,,,banishment with his great grandmother livia and when livia died though he,was not yet of age he spoke her eulogy from the rostra,,unresolved,,L08-N0020,editor,Generic editor; no personal name asserted,No source-page match established by the audit.,,Unreviewed,,,,
suetonius.cal.loeb_eng1.xml,21,192,13.1,421,marginal-date-review,37 A.D.,,,,,,,or take any action by thus gaining the throne he fulfilled the,highest hopes of the roman people or i may say of all,,unresolved,,L08-N0021,editor,Generic editor; no personal name asserted,No source-page match established by the audit.,,Unreviewed,,,,
suetonius.cal.loeb_eng1.xml,23,213,15.2,425,marginal-date-review,37 A.D.,,,,,,,time had been a roman knight as his colleague in the consulship,adopted his brother tiberius on the day that he assumed the gown,,unresolved,,L08-N0023,editor,Generic editor; no personal name asserted,No source-page match established by the audit.,,Unreviewed,,,,
suetonius.cal.loeb_eng1.xml,27,238,17.1,429,marginal-date-review,"July 1, 37 A.D.",,,,,,,held four consulships one from the kalends of july for two months,a second from the kalends of january for thirty days a third,,unresolved,,L08-N0027,editor,Generic editor; no personal name asserted,No source-page match established by the audit.,,Unreviewed,,,,
suetonius.cal.loeb_eng1.xml,28,238,17.1,429,marginal-date-review,"Jan. 1, 39 A.D.",,,,,,,two months a second from the kalends of january for thirty days,a third up to the ides of january and the fourth until,,unresolved,,L08-N0028,editor,Generic editor; no personal name asserted,No source-page match established by the audit.,,Unreviewed,,,,
suetonius.cal.loeb_eng1.xml,29,238,17.1,429,marginal-date-review,"Jan. 13, 40 A.D.",,,,,,,january for thirty days a third up to the ides of january,and the fourth until the seventh day before the ides of the,,unresolved,,L08-N0029,editor,Generic editor; no personal name asserted,No source-page match established by the audit.,,Unreviewed,,,,
suetonius.cal.loeb_eng1.xml,30,238,17.1,429,marginal-date-review,"Jan. 7, 41 A.D.",,,,,,,fourth until the seventh day before the ides of the same month,of all these only the last two were continuous the third he,,unresolved,,L08-N0030,editor,Generic editor; no personal name asserted,No source-page match established by the audit.,,Unreviewed,,,,
suetonius.cal.loeb_eng1.xml,105,674,59.1,497,documented-editorial-addition,"1951: With him died his wife Caesonia, stabbed with a sword by a centurion, while his daughter's brains were dashed out against a wall",,,,,,,sword and his daughter s brains were dashed out against a wall,one may form an idea of the state of those times from,,unresolved,,L08-N0105,grc,Explicit legacy label: grc,No source-page match established by the audit.,,Unreviewed,,,,
suetonius.cal.loeb_eng1.xml,106,680,60.1,497,documented-editorial-addition,"1951: : ""One may form an idea of the state of those times by what followed. Not even after the murder was made known was it at once believed that he was dead, but it was suspected that Gaius himself had made up and circulated the report, to find out by that means how men felt towards him.",,,,,,,assassination to find out by that means what men thought of him,the conspirators too had not agreed on a successor for the empire,,unresolved,,L08-N0106,grc,Explicit legacy label: grc,No source-page match established by the audit.,,Unreviewed,,,,
suetonius.cal.loeb_eng1.xml,107,680,60.1,497,documented-editorial-addition,"1951: The conspirators too had not agreed on a successor, and the senate was so unanimously in favour of re-establishing the republic that the consuls called the first meeting, not in the senate house, because it had the name Julia, but in the Capitol; while some in expressing their views proposed that the memory of the Caesars be done away with and their temples destroyed.",,,,,,,the memory of the caesars be wiped out and their temples destroyed,it was further observed and noted as a special circumstance that all,,unresolved,,L08-N0107,grc,Explicit legacy label: grc,No source-page match established by the audit.,,Unreviewed,,,,
suetonius.cal.loeb_eng1.xml,108,680,60.1,497,documented-editorial-addition,1951: Men further observed and commented on the fact that all the Caesars whose forename was Gaius perished by the sword,,,,,,,all the caesars who bore the forename gaius perished by the sword,beginning with the one who was slain in the times of cinna,,unresolved,,L08-N0108,grc,Explicit legacy label: grc,No source-page match established by the audit.,,Unreviewed,,,,
suetonius.claud.loeb_eng1.xml,68,389,27.1,57,marginal-date-review,20 A.D.,,,,,,,boter and although she was born within five months after the divorce,and he had begun to rear her yet he ordered her to,,unresolved,,L09-N0068,editor,Generic editor; no personal name asserted,No source-page match established by the audit.,,Unreviewed,,,,
suetonius.dom.loeb_eng1.xml,1,88,1.1,339,marginal-date-review,"Oct. 24, 51 A.D.",,,,,,,i domitian was born on the ninth day before the,kalends of november of the year when his father was consul elect,,unresolved,,L10-N0001,,No explicit resp in legacy XML,No source-page match established by the audit.,,Unreviewed,,,,
suetonius.dom.loeb_eng1.xml,20,139,5.1,349,marginal-date-review,82 A.D.,,,,,,,equestrian orders v he restored many splendid buildings which had been destroyed,by fire among them the capitolium which had again been burned but,,unresolved,,L10-N0020,,No explicit resp in legacy XML,No source-page match established by the audit.,,Unreviewed,,,,
suetonius.dom.loeb_eng1.xml,25,145,6.1,351,marginal-date-review,84 A.D.,,,,,,,partly without provocation and partly of necessity that against the chatti was,uncalled for while the one against the sarmatians was justified by the,,unresolved,,L10-N0025,,No explicit resp in legacy XML,No source-page match established by the audit.,,Unreviewed,,,,
suetonius.dom.loeb_eng1.xml,26,145,6.1,351,marginal-date-review,86 A.D.,,,,,,,against the dacians the first when oppius sabinus an ex consul was,defeated and the second on the overthrow of cornelius fuscus prefect of,,unresolved,,L10-N0026,,No explicit resp in legacy XML,No source-page match established by the audit.,,Unreviewed,,,,
suetonius.dom.loeb_eng1.xml,36,172,8.3,355,marginal-date-review,83 A.D.,,,,,,,charged with all manner of offences having undertaken the correction of public,morals he put an end to the licence at the theatres where,,unresolved,,L10-N0036,,No explicit resp in legacy XML,No source-page match established by the audit.,,Unreviewed,,,,
suetonius.dom.loeb_eng1.xml,57,247,13.3,369,marginal-date-review,"71, 72, 77 (s. v), 80, 82-88, 90, 92, 95 A.D.",,,,,,,wrote in greek it is enough he held the consulship seventeen times,more often than any of his predecessors of these the seven middle,,unresolved,,L10-N0057,,No explicit resp in legacy XML,No source-page match established by the audit.,,Unreviewed,,,,
suetonius.dom.loeb_eng1.xml,68,297,17.3,379,marginal-date-review,"Sept. 18, 96 A.D.",,,,,,,to gouge out his eyes with his lacerated fingers he was slain,on the fourteenth day before the kalends of october in the forty,,unresolved,,L10-N0068,,No explicit resp in legacy XML,No source-page match established by the audit.,,Unreviewed,,,,
suetonius.galba.loeb_eng1.xml,2,85,1.1,191,marginal-date-review,38 B.C.,,,,,,,her estate near veii immediately after her marriage with augustus an eagle,which flew by dropped into her lap a white hen holding in,,unresolved,,L11-N0002,,No explicit resp in legacy XML,No source-page match established by the audit.,,Unreviewed,,,,
suetonius.galba.loeb_eng1.xml,6,91,2.1,193,marginal-date-review,68 A.D.,,,,,,,hand of augustus ii nero was succeeded by galba who was related,in no degree to the house of the caesars although unquestionably of,,unresolved,,L11-N0006,,No explicit resp in legacy XML,No source-page match established by the audit.,,Unreviewed,,,,
suetonius.galba.loeb_eng1.xml,10,100,3.2,193,marginal-date-review,145 B.C.,,,,,,,which breed in oak trees the family acquired distinction from servius galba,who became consul and was decidedly the most eloquent speaker of his,,unresolved,,L11-N0010,,No explicit resp in legacy XML,No source-page match established by the audit.,,Unreviewed,,,,
suetonius.galba.loeb_eng1.xml,11,100,3.2,193,marginal-date-review,150-136 B.C.,,,,,,,man they say was the cause of the war with viriathus because,while governing spain as propraetor he treacherously massacred thirty thousand of the,,unresolved,,L11-N0011,,No explicit resp in legacy XML,No source-page match established by the audit.,,Unreviewed,,,,
suetonius.galba.loeb_eng1.xml,13,103,3.3,195,marginal-date-review,22 A.D.,,,,,,,voluminous and painstaking history the father attained the consulship and although he,was short of stature and even hunchbacked besides being only an indifferent,,unresolved,,L11-N0013,,No explicit resp in legacy XML,No source-page match established by the audit.,,Unreviewed,,,,
suetonius.galba.loeb_eng1.xml,15,112,4.1,195,marginal-date-review,"Dec. 24, 3 B.C.",,,,,,,in his year iv the emperor servius galba was born in the,consulship of marcus valerius messala and gnaeus lentulus on the ninth day,,unresolved,,L11-N0015,,No explicit resp in legacy XML,No source-page match established by the audit.,,Unreviewed,,,,
suetonius.galba.loeb_eng1.xml,21,136,6.1,199,marginal-date-review,33 A.D.,,,,,,,nearly a year and soon afterwards held a regular consulship for six,months and it chanced that in this office he succeeded lucius domitius,,unresolved,,L11-N0021,,No explicit resp in legacy XML,No source-page match established by the audit.,,Unreviewed,,,,
suetonius.galba.loeb_eng1.xml,31,158,8.1,203,marginal-date-review,60 A.D.,,,,,,,at last while he was staying in the town of fundi hispania,tarraconensis was offered him and it fell out that as he was,,unresolved,,L11-N0031,,No explicit resp in legacy XML,No source-page match established by the audit.,,Unreviewed,,,,
suetonius.galba.loeb_eng1.xml,62,301,23.1,225,marginal-date-review,69 A.D.,,,,,,,him one side xxiii he met his end in the seventy third,year of his age and the seventh month of his reign the,,unresolved,,L11-N0062,,No explicit resp in legacy XML,No source-page match established by the audit.,,Unreviewed,,,,
suetonius.nero.loeb_eng1.xml,3,93,2.1,89,marginal-date-review,122 B.C.,,,,,,,senate then having vanquished the allobroges and the arverni in his consulship,he rode through the province on an elephant attended by a throng,,unresolved,,L12-N0003,editor,Generic editor; no personal name asserted,No source-page match established by the audit.,,Unreviewed,,,,
suetonius.nero.loeb_eng1.xml,6,96,2.2,89,marginal-date-review,54 B.C.,,,,,,,violation of the auspices and the laws afterwards in his own consulship,he tried to deprive caesar of the command of the armies in,,unresolved,,L12-N0006,editor,Generic editor; no personal name asserted,No source-page match established by the audit.,,Unreviewed,,,,
suetonius.nero.loeb_eng1.xml,8,108,3.2,91,marginal-date-review,31 B.C.,,,,,,,nor yet positively to decline it but he went over to augustus,and a few days later died even he did not escape with,,unresolved,,L12-N0008,editor,Generic editor; no personal name asserted,No source-page match established by the audit.,,Unreviewed,,,,
suetonius.nero.loeb_eng1.xml,15,129,6.1,95,marginal-date-review,"Dec. 15, 37 A.D.",,,,,,,nero was born at antium nine months after the death of tiberius,on the eighteenth day before the kalends of january just as the,,unresolved,,L12-N0015,editor,Generic editor; no personal name asserted,No source-page match established by the audit.,,Unreviewed,,,,
suetonius.nero.loeb_eng1.xml,20,144,7.1,97,marginal-date-review,50 A.D.,,,,,,,great self possession and success in the eleventh year of his age,he was adopted by claudius and consigned to the training of annaeus,,unresolved,,L12-N0020,editor,Generic editor; no personal name asserted,No source-page match established by the audit.,,Unreviewed,,,,
suetonius.nero.loeb_eng1.xml,25,153,8.1,99,marginal-date-review,54 A.D.,,,,,,,might be vouchsafed claudius when the death of claudius was made public,nero who was seventeen years old went forth to the watch between,,unresolved,,L12-N0025,editor,Generic editor; no personal name asserted,No source-page match established by the audit.,,Unreviewed,,,,
suetonius.nero.loeb_eng1.xml,26,159,9.1,101,marginal-date-review,61 A.D.,,,,,,,through the streets in her litter he established a colony at antium,enrolling the veterans of the praetorian guard and joining with them the,,unresolved,,L12-N0026,editor,Generic editor; no personal name asserted,No source-page match established by the audit.,,Unreviewed,,,,
suetonius.nero.loeb_eng1.xml,35,183,12.1,105,marginal-date-review,58 A.D.,,,,,,,district of the campus martius within the space of a single year,he had no one put to death not even criminals but he,,unresolved,,L12-N0035,editor,Generic editor; no personal name asserted,No source-page match established by the audit.,,Unreviewed,,,,
suetonius.nero.loeb_eng1.xml,40,189,12.3,105,marginal-date-review,60 A.D.,,,,,,,he was likewise the first to establish at rome a quinquennial contest,in three parts after the greek fashion that is in music gymnastics,,unresolved,,L12-N0040,editor,Generic editor; no personal name asserted,No source-page match established by the audit.,,Unreviewed,,,,
suetonius.nero.loeb_eng1.xml,46,207,14.1,109,marginal-date-review,"55, 57, 58, 60 A.D.",,,,,,,a sign that no war was left anywhere he held four consulships,the first for two months the second and the last for six,,unresolved,,L12-N0046,editor,Generic editor; no personal name asserted,No source-page match established by the audit.,,Unreviewed,,,,
suetonius.otho.loeb_eng1.xml,4,100,2.1,229,marginal-date-review,"Apr. 28, 32 A.D.",,,,,,,kalends of may in the consulate of camillus arruntius and domitius ahenobarbus,from earliest youth he was so extravagant and wild that his father,,unresolved,,L13-N0004,,No explicit resp in legacy XML,No source-page match established by the audit.,,Unreviewed,,,,
suetonius.tib.loeb_eng1.xml,3,99,2.1,293,documented-editorial-addition,1951: Appius the Blind,,,,,,,the opposite character but to mention only the principal instances appius claudius,advised against forming an alliance with king pyrrhus as not at all,,unresolved,,L14-N0003,grc,Explicit legacy label: grc,No source-page match established by the audit.,,Unreviewed,,,,
suetonius.tib.loeb_eng1.xml,4,99,2.1,293,marginal-date-review,280 B.C.,,,,,,,principal instances appius claudius advised against forming an alliance with king pyrrhus,as not at all expedient claudius caudex was the first to cross,,unresolved,,L14-N0004,editor,Generic editor; no personal name asserted,No source-page match established by the audit.,,Unreviewed,,,,
suetonius.tib.loeb_eng1.xml,5,99,2.1,293,marginal-date-review,264 B.C.,,,,,,,cross the straits with a fleet and drove the carthaginians from sicily,tiberius nero crushed hasdrubal on his arrival from spain with a vast,,unresolved,,L14-N0005,editor,Generic editor; no personal name asserted,No source-page match established by the audit.,,Unreviewed,,,,
suetonius.tib.loeb_eng1.xml,6,99,2.1,293,marginal-date-review,207 B.C.,,,,,,,with a vast army before he could unite with his brother hannibal,on the other hand claudius regillianus decemvir for codifying the laws through,,unresolved,,L14-N0006,editor,Generic editor; no personal name asserted,No source-page match established by the audit.,,Unreviewed,,,,
suetonius.tib.loeb_eng1.xml,8,102,2.2,293,marginal-date-review,249 B.C.,,,,,,,though the sacred chickens would not eat when he took the auspices,throwing them into the sea in defiance of the omen and saying,,unresolved,,L14-N0008,editor,Generic editor; no personal name asserted,No source-page match established by the audit.,,Unreviewed,,,,
suetonius.tib.loeb_eng1.xml,10,105,2.3,295,marginal-date-review,204 B.C.,,,,,,,might yield to her efforts only if her chastity were beyond question,and the one who was convicted by the people of treason an,,unresolved,,L14-N0010,editor,Generic editor; no personal name asserted,No source-page match established by the audit.,,Unreviewed,,,,
suetonius.tib.loeb_eng1.xml,11,105,2.3,295,documented-editorial-addition,1951: tried by the people for,,,,,,,question and the one who was convicted by the people of treason,an unprecedented thing in the case of a woman because when her,,unresolved,,L14-N0011,grc,Explicit legacy label: grc,No source-page match established by the audit.,,Unreviewed,,,,
suetonius.tib.loeb_eng1.xml,12,105,2.3,295,marginal-date-review,246 B.C.,,,,,,,question and the one who was convicted by the people of treason,an unprecedented thing in the case of a woman because when her,,unresolved,,L14-N0012,editor,Generic editor; no personal name asserted,No source-page match established by the audit.,,Unreviewed,,,,
suetonius.tib.loeb_eng1.xml,13,108,2.4,295,marginal-date-review,60 B.C.,,,,,,,adopted by a plebeian and one too who was younger than himself,their attitude towards the commons was so headstrong and stubborn that not,,unresolved,,L14-N0013,editor,Generic editor; no personal name asserted,No source-page match established by the audit.,,Unreviewed,,,,
suetonius.tib.loeb_eng1.xml,15,108,2.4,295,marginal-date-review,143 B.C.,,,,,,,her brother s chariot with him when he was celebrating a triumph,without the sanction of the people and attended him all the way,,unresolved,,L14-N0015,editor,Generic editor; no personal name asserted,No source-page match established by the audit.,,Unreviewed,,,,
suetonius.tib.loeb_eng1.xml,17,117,3.2,297,marginal-date-review,204 B.C.,,,,,,,consulship they made him consul a second time and censor as well,drusus gained a surname for himself and his descendants by slaying drausus,,unresolved,,L14-N0017,editor,Generic editor; no personal name asserted,No source-page match established by the audit.,,Unreviewed,,,,
suetonius.tib.loeb_eng1.xml,18,117,3.2,297,marginal-date-review,390 B.C.,,,,,,,was paid long before to the senones when they beleaguered the capitol,and that this had not been wrested from them by camillus as,,unresolved,,L14-N0018,editor,Generic editor; no personal name asserted,No source-page match established by the audit.,,Unreviewed,,,,
suetonius.tib.loeb_eng1.xml,19,117,3.2,297,marginal-date-review,122 B.C.,,,,,,,a son who was treacherously slain by the party of his opponents,while he was busily agitating many plans during a similar dissension nero,,unresolved,,L14-N0019,editor,Generic editor; no personal name asserted,No source-page match established by the audit.,,Unreviewed,,,,
suetonius.tib.loeb_eng1.xml,20,117,3.2,297,marginal-date-review,91 B.C.,,,,,,,opponents while he was busily agitating many plans during a similar dissension,nero the father of tiberius as a quaestor of julius caesar during,,unresolved,,L14-N0020,editor,Generic editor; no personal name asserted,No source-page match established by the audit.,,Unreviewed,,,,
suetonius.tib.loeb_eng1.xml,21,123,4.1,297,marginal-date-review,48-47 B.C.,,,,,,,alexandrian war and commander of a fleet contributed materially to the victory,for this he was made pontiff in place of publius scipio and,,unresolved,,L14-N0021,editor,Generic editor; no personal name asserted,No source-page match established by the audit.,,Unreviewed,,,,
suetonius.tib.loeb_eng1.xml,22,126,4.2,297,marginal-date-review,41 B.C.,,,,,,,and followed lucius antonius consul and brother of the triumvir to perusia,when the others capitulated he alone held to his allegiance and got,,unresolved,,L14-N0022,editor,Generic editor; no personal name asserted,No source-page match established by the audit.,,Unreviewed,,,,
suetonius.tib.loeb_eng1.xml,25,135,5.1,299,marginal-date-review,"Nov. 16, 42 B.C.",,,,,,,rome on the palatine the sixteenth day before the kalends of december,in the consulship of marcus aemilius lepidus and lucius munatius plancus the,,unresolved,,L14-N0025,editor,Generic editor; no personal name asserted,No source-page match established by the audit.,,Unreviewed,,,,
suetonius.tib.loeb_eng1.xml,31,159,7.2,303,marginal-date-review,11 B.C.,,,,,,,was a second time with child he was forced to divorce her,and to contract a hurried marriage with julia daughter of augustus this,,unresolved,,L14-N0031,editor,Generic editor; no personal name asserted,No source-page match established by the audit.,,Unreviewed,,,,
suetonius.tib.loeb_eng1.xml,33,162,7.3,303,marginal-date-review,9 B.C.,,,,,,,died at aquileia in infancy he lost his brother drusus in germany,and conveyed his body to rome going before it on foot all,,unresolved,,L14-N0033,editor,Generic editor; no personal name asserted,No source-page match established by the audit.,,Unreviewed,,,,
suetonius.tib.loeb_eng1.xml,34,168,8.1,305,marginal-date-review,23 B.C.,,,,,,,murena against augustus he arraigned for high treason and secured his condemnation,in the meantime he undertook two public charges that of the grain,,unresolved,,L14-N0034,editor,Generic editor; no personal name asserted,No source-page match established by the audit.,,Unreviewed,,,,
suetonius.tib.loeb_eng1.xml,36,174,9.1,305,marginal-date-review,25 B.C.,,,,,,,was as tribune of the soldiers in the campaign against the cantabrians,then he led an army to the orient and restored the throne,,unresolved,,L14-N0036,editor,Generic editor; no personal name asserted,No source-page match established by the audit.,,Unreviewed,,,,
suetonius.tib.loeb_eng1.xml,41,180,9.3,307,marginal-date-review,6 B.C.,,,,,,,again at the same time receiving the tribunicial power for five years,at the flood tide of success though in the prime of life,,unresolved,,L14-N0041,editor,Generic editor; no personal name asserted,No source-page match established by the audit.,,Unreviewed,,,,
suetonius.tib.loeb_eng1.xml,46,234,14.1,315,marginal-date-review,2 A.D.,,,,,,,he had conceived from his early years because of omens and predictions,when livia was with child with him and was trying to divine,,unresolved,,L14-N0046,editor,Generic editor; no personal name asserted,No source-page match established by the audit.,,Unreviewed,,,,
suetonius.tib.loeb_eng1.xml,47,240,14.3,315,marginal-date-review,42 B.C.,,,,,,,by the victorious legions gleamed of their own accord with sudden fires,when later on his way to illyricum he visited the oracle of,,unresolved,,L14-N0047,editor,Generic editor; no personal name asserted,No source-page match established by the audit.,,Unreviewed,,,,
suetonius.tib.loeb_eng1.xml,48,243,14.4,317,documented-editorial-addition,1951: learned man,,,,,,,he had attached to his household as an adept in the art,for as soon as he caught sight of the ship thrasyllus declared,,unresolved,,L14-N0048,grc,Explicit legacy label: grc,No source-page match established by the audit.,,Unreviewed,,,,
suetonius.tib.loeb_eng1.xml,52,292,20.1,323,marginal-date-review,12 A.D.,,,,,,,a confession of his intended crime was wrung from him by torture,after two years he returned to the city from germany and celebrated,,unresolved,,L14-N0052,editor,Generic editor; no personal name asserted,No source-page match established by the audit.,,Unreviewed,,,,
suetonius.tib.loeb_eng1.xml,60,324,22.1,327,documented-editorial-addition,1951: wrote it herself,,,,,,,remove a future source of discord or whether livia had it written,in the name of her husband and in the latter case whether,,unresolved,,L14-N0060,grc,Explicit legacy label: grc,No source-page match established by the audit.,,Unreviewed,,,,
suetonius.tib.loeb_eng1.xml,85,433,36.1,345,documented-editorial-addition,1951: less healthy,,,,,,,who were of military age he assigned to provinces of unhealthy climate,ostensibly to serve in the army the others of that same race,,unresolved,,L14-N0085,grc,Explicit legacy label: grc,No source-page match established by the audit.,,Unreviewed,,,,
suetonius.tib.loeb_eng1.xml,89,454,38.1,349,documented-editorial-addition,1951: revisit,,,,,,,at a time yet he often gave out that he would visit,the provinces too and the armies and nearly every year he made,,unresolved,,L14-N0089,grc,Explicit legacy label: grc,No source-page match established by the audit.,,Unreviewed,,,,
suetonius.tib.loeb_eng1.xml,95,481,42.2,353,documented-editorial-addition,1951: Finally he,,,,,,,of a mushroom a fig pecker an oyster and a thrush he,established a new office master of the imperial pleasures assigning it to,,unresolved,,L14-N0095,grc,Explicit legacy label: grc,No source-page match established by the audit.,,Unreviewed,,,,
suetonius.tib.loeb_eng1.xml,96,487,43.1,353,documented-editorial-addition,The original Loeb edition left Chapters 43 through 47 untranslated in the English text due to their sexual. content. Gemini 3 automatically generated a translation and we make that available here.,,,,,,,the imperial pleasures assigning it to titus caesonius priscus a roman knight,in his retirement at capreae he also devised a seat of secret,,unresolved,,L14-N0096,grc,Explicit legacy label: grc,No source-page match established by the audit.,,Unreviewed,,,,
suetonius.tib.loeb_eng1.xml,112,698,65.1,385,marginal-date-review,31 A.D.,,,,,,,view he assumed after a long interval while absent from the city,then beguiling him with hope of marriage into the imperial family and,,unresolved,,L14-N0112,editor,Generic editor; no personal name asserted,No source-page match established by the audit.,,Unreviewed,,,,
suetonius.tib.loeb_eng1.xml,117,713,67.1,389,marginal-date-review,32 A.D.,,,,,,,admitted the extremity of his wretchedness in a letter beginning as follows,if i know what to write to you fathers of the senate,,unresolved,,L14-N0117,editor,Generic editor; no personal name asserted,No source-page match established by the audit.,,Unreviewed,,,,
suetonius.tib.loeb_eng1.xml,126,779,73.1,397,marginal-date-review,"Mar. 16, 37 A.D.",,,,,,,april in the consulship of gnaeus acerronius proculus and gaius pontius nigrinus,some think that gaius gave him a slow and wasting poison others,,unresolved,,L14-N0126,editor,Generic editor; no personal name asserted,No source-page match established by the audit.,,Unreviewed,,,,
suetonius.tib.loeb_eng1.xml,129,797,75.2,399,marginal-date-review,21 A.D.,,,,,,,the condemned should in all cases be put off for ten days,and it chanced that the punishment of some fell due on the,,unresolved,,L14-N0129,editor,Generic editor; no personal name asserted,No source-page match established by the audit.,,Unreviewed,,,,
suetonius.titus.loeb_eng1.xml,2,88,1.1,321,marginal-date-review,"Dec. 30, 41 A.D.",,,,,,,for the death of gaius in a mean house near the septizonium,and in a very small dark room besides for it still remains,,unresolved,,L15-N0002,,No explicit resp in legacy XML,No source-page match established by the audit.,,Unreviewed,,,,
suetonius.titus.loeb_eng1.xml,5,118,4.3,325,marginal-date-review,67 A.D.,,,,,,,battle and mounting another whose rider had fallen fighting by his side,v presently he was sent to congratulate galba on becoming ruler of,,unresolved,,L15-N0005,,No explicit resp in legacy XML,No source-page match established by the audit.,,Unreviewed,,,,
suetonius.titus.loeb_eng1.xml,6,124,5.1,325,marginal-date-review,68 A.D.,,,,,,,by his side v presently he was sent to congratulate galba on,becoming ruler of the state and attracted attention wherever he went through,,unresolved,,L15-N0006,,No explicit resp in legacy XML,No source-page match established by the audit.,,Unreviewed,,,,
suetonius.titus.loeb_eng1.xml,9,136,6.1,327,marginal-date-review,73 A.D.,,,,,,,took part in his father s triumph and was censor with him,he was also his colleague in the tribunicial power and in seven,,unresolved,,L15-N0009,,No explicit resp in legacy XML,No source-page match established by the audit.,,Unreviewed,,,,
suetonius.titus.loeb_eng1.xml,10,136,6.1,327,marginal-date-review,"70, 72, 74, 75, 76, 77, 79 A.D.",,,,,,,was also his colleague in the tribunicial power and in seven consulships,he took upon himself the discharge of almost all duties personally dictated,,unresolved,,L15-N0010,,No explicit resp in legacy XML,No source-page match established by the audit.,,Unreviewed,,,,
suetonius.titus.loeb_eng1.xml,13,151,7.3,331,marginal-date-review,80 A.D.,,,,,,,built near it he gave a most magnificent and costly gladiatorial show,he presented a sham sea fight too in the old naumachia and,,unresolved,,L15-N0013,,No explicit resp in legacy XML,No source-page match established by the audit.,,Unreviewed,,,,
suetonius.titus.loeb_eng1.xml,15,163,8.3,333,marginal-date-review,79 A.D.,,,,,,,of mount vesuvius in campania a fire at rome which continued three,days and as many nights and a plague the like of which,,unresolved,,L15-N0015,,No explicit resp in legacy XML,No source-page match established by the audit.,,Unreviewed,,,,
suetonius.titus.loeb_eng1.xml,16,163,8.3,333,marginal-date-review,80 A.D.,,,,,,,three days and as many nights and a plague the like of,which had hardly ever been known before in these many great calamities,,unresolved,,L15-N0016,,No explicit resp in legacy XML,No source-page match established by the audit.,,Unreviewed,,,,
suetonius.titus.loeb_eng1.xml,23,196,11.1,339,marginal-date-review,"Sept. 13, 81 A.D.",,,,,,,as they had never done even when he was alive and present,,,unresolved,,L15-N0023,,No explicit resp in legacy XML,No source-page match established by the audit.,,Unreviewed,,,,
suetonius.vesp.loeb_eng1.xml,2,91,1.2,281,documented-editorial-addition,"A duty (portorium) of two and a half per cent. on imports and exports; cf. Jul. xliii. 1.  [1951: changes the text to ""twentieth"" and provides this note instead: A tax of five per cent. on the value of every slave who was set free, paid by the slave himself or by his master.]",,,,,,,part in military life but farmed the public tax of a fortieth,in asia and there existed for some time statues erected in his,,unresolved,,L16-N0002,editor,Generic editor; no personal name asserted,No source-page match established by the audit.,,Unreviewed,,,,
suetonius.vesp.loeb_eng1.xml,3,103,2.1,283,marginal-date-review,"Nov. 14, 9 A.D.",,,,,,,falacrina on the evening of the fifteenth day before the kalends of,december in the consulate of quintus sulpicius camerinus and gaius poppaeus sabinus,,unresolved,,L16-N0003,,No explicit resp in legacy XML,No source-page match established by the audit.,,Unreviewed,,,,
suetonius.vesp.loeb_eng1.xml,5,109,2.3,285,marginal-date-review,38 A.D.,,,,,,,the province of crete and cyrene became a candidate for the aedileship,and then for the praetorship attaining the former only after one defeat,,unresolved,,L16-N0005,,No explicit resp in legacy XML,No source-page match established by the audit.,,Unreviewed,,,,
suetonius.vesp.loeb_eng1.xml,6,109,2.3,285,marginal-date-review,39 A.D.,,,,,,,in the sixth place but the latter on his first canvass and,among the foremost in his praetorship to lose no opportunity of winning,,unresolved,,L16-N0006,,No explicit resp in legacy XML,No source-page match established by the audit.,,Unreviewed,,,,
suetonius.vesp.loeb_eng1.xml,13,125,4.2,287,marginal-date-review,51 A.D.,,,,,,,two priesthoods besides the consulship which he held for the last two,months of the year the rest of the time up to his,,unresolved,,L16-N0013,,No explicit resp in legacy XML,No source-page match established by the audit.,,Unreviewed,,,,
suetonius.vesp.loeb_eng1.xml,14,128,4.3,287,marginal-date-review,63 A.D.,,,,,,,latter s death the chance of the lot then gave him africa,which he governed with great justice and high honour save that in,,unresolved,,L16-N0014,,No explicit resp in legacy XML,No source-page match established by the audit.,,Unreviewed,,,,
suetonius.vesp.loeb_eng1.xml,20,176,6.4,297,marginal-date-review,July 1,,,,,,,legions to take the oath for vespasian on the kalends of july,the day which was afterwards celebrated as that of his accession then,,unresolved,,L16-N0020,,No explicit resp in legacy XML,No source-page match established by the audit.,,Unreviewed,,,,
suetonius.vesp.loeb_eng1.xml,25,194,8.1,299,marginal-date-review,"70, 71, 72, 74, 75, 76, 77, 79 A.D.",,,,,,,renown after celebrating a triumph over the jews he added eight consulships,to his former one he also assumed the censorship and during the,,unresolved,,L16-N0025,,No explicit resp in legacy XML,No source-page match established by the audit.,,Unreviewed,,,,
suetonius.vesp.loeb_eng1.xml,54,330,24.1,319,marginal-date-review,79 A.D.,,,,,,,into a god xxiv in his ninth consulship he had a slight,illness in campania and returning at once to the city he left,,unresolved,,L16-N0054,,No explicit resp in legacy XML,No source-page match established by the audit.,,Unreviewed,,,,
suetonius.vesp.loeb_eng1.xml,55,330,24.1,321,marginal-date-review,"June 23, 79 A.D.",,,,,,,who tried to help him on the ninth day before the kalends,of july at the age of sixty nine years one month and,,unresolved,,L16-N0055,,No explicit resp in legacy XML,No source-page match established by the audit.,,Unreviewed,,,,
suetonius.vitellius.loeb_eng1.xml,1,103,2.2,251,marginal-date-review,32 A.D.,,,,,,,magnificence of his feasts died a consul appointed to the office with,domitius father of the emperor nero quintus lost his rank at the,,unresolved,,L17-N0001,,No explicit resp in legacy XML,No source-page match established by the audit.,,Unreviewed,,,,
suetonius.vitellius.loeb_eng1.xml,3,106,2.3,251,marginal-date-review,20 A.D.,,,,,,,senators publius a member of germanicus staff arraigned gnaeus piso the enemy,and murderer of his commander and secured his condemnation arrested among the,,unresolved,,L17-N0003,,No explicit resp in legacy XML,No source-page match established by the audit.,,Unreviewed,,,,
suetonius.vitellius.loeb_eng1.xml,4,106,2.3,251,marginal-date-review,35 A.D.,,,,,,,and handed over to his own brother to be kept in confinement,he opened his veins with a penknife but allowed himself to be,,unresolved,,L17-N0004,,No explicit resp in legacy XML,No source-page match established by the audit.,,Unreviewed,,,,
suetonius.vitellius.loeb_eng1.xml,5,109,2.4,251,marginal-date-review,34 A.D.,,,,,,,not only induced artabanus king of the parthians to hold a con,ference with him but even to do obeisance to the standards of,,unresolved,,L17-N0005,,No explicit resp in legacy XML,No source-page match established by the audit.,,Unreviewed,,,,
suetonius.vitellius.loeb_eng1.xml,6,109,2.4,251,marginal-date-review,"43, 47, 50, 44 A.D.",,,,,,,later he held with the emperor claudius two more regular consulships and,the censorship he also bore the charge of the empire while claudius,,unresolved,,L17-N0006,,No explicit resp in legacy XML,No source-page match established by the audit.,,Unreviewed,,,,
suetonius.vitellius.loeb_eng1.xml,9,121,3.2,253,marginal-date-review,"Sept.24, 15 A.D.",,,,,,,lucius was born on the eight day before the kalends of october,or according to some on the seventh day before the ides of,,unresolved,,L17-N0009,,No explicit resp in legacy XML,No source-page match established by the audit.,,Unreviewed,,,,
suetonius.vitellius.loeb_eng1.xml,10,121,3.2,253,marginal-date-review,Sept. 7,,,,,,,seventh day before the ides of september in the consulship of drusus,caesar and norbanus flaccus his parents were so aghast at his horoscope,,unresolved,,L17-N0010,,No explicit resp in legacy XML,No source-page match established by the audit.,,Unreviewed,,,,
suetonius.vitellius.loeb_eng1.xml,13,133,5.1,255,marginal-date-review,60 A.D.,,,,,,,with distinguished priesthoods as well he afterwards governed africa as proconsul and,served as curator of public works but with varying purpose and reputation,,unresolved,,L17-N0013,,No explicit resp in legacy XML,No source-page match established by the audit.,,Unreviewed,,,,
