note_id,index,reference,series,original_marker,reviewed_marker,original_xml_line,reviewed_xml_line,original_text,reviewed_text,uc1_page_pair_start,hvd_page_pair_start,uc1_word_match_score_before,hvd_word_match_score_before,uc1_comparison_span,hvd_comparison_span,location_status,changes,review_decision
holland-jc-note-017,17,3.1,footnote,2,2,47,53,"Surnamed so of the people in Cilicia named Isauri, whom he subdued. ","Surnamed so of the people in Cilicia named Isauri, whom he subdued. ",15,15,0.5833,0.5833,surnamed so of the people in cilicia 3 so variable and indiscreet,surnamed so of the people in cilicia 3 so variable and indiscreet,Location unresolved,,"OCR has interleaved the continuation “named Isauri, whom he subdued”; retain complete note."
holland-jc-note-074,74,16.1,annotation,a,a,161,167,"This purple Robe bordered, called Prætexta, was a Garment not proper to the Pretors onely, but to other Magistrates also. Embrodered it was or garded about with purple. For Plinie writeth, that Lentulus Spinter Ædile Curule, wore in his Robe, purple of a duble die, called thereupon, Dibapha. And thereupon it was called in Greek περιπόρφυρος. And not onely citie-Magistrates, but Priestes and children of gentle birth used the same. Setting aside the border of purple, it was otherwise white.","This purple Robe bordered, called Prætexta, was a Garment not proper to the Pretors onely, but to other Magistrates also. Embrodered it was or garded about with purple. For Plinie writeth, that Lentulus Spinter Ædile Curule, wore in his Robe, purple of a duble die, called thereupon, Dibapha. And thereupon it was called in Greek περιπόρφυρος. And not onely citie-Magistrates, but Priestes and children of gentle birth used the same. Setting aside the border of purple, it was otherwise white.",234,234,0.9877,0.9877,this purple robe bordered called prætexta was a garment not proper to the pretors onely but to other magistrates also em234 brodered it was or garded about with purple for plinie writeth that lentulus spinter ædile curule wore in his robe purple of a duble die called thereupon dibapha and thereupon it was called in greek περιπόρφυρος and not onely citie magistrates but priestes and children of gentle birth used the same setting aside the border of purple it was otherwise white,this purple robe bordered called prætexta was a garment not proper to the pretors onely but to other magistrates also em234 brodered it was or garded about with purple for plinie writeth that lentulus spinter ædile curule wore in his robe purple of a duble die called thereupon dibapha and thereupon it was called in greek περιπόρφυρος and not onely citie magistrates but priestes and children of gentle birth used the same setting aside the border of purple it was otherwise white,OCR marker supports existing location,,Em-brodered crosses pp. 234–235; retain combined word and note.
holland-jc-note-173,173,41.2,footnote,3,3,463,469,Contrary to the Law Cornelia.,Contrary to the Law Cornelia.,44,44,0.8,0.8,trary to the law cornelia,trary to the law cornelia,OCR marker supports existing location,,Initial Con- is separated from trary in OCR; do not shorten Contrary.
holland-jc-note-191,191,45.1,annotation,a,a,508,514,"  Comitiali Morbo, so called, for that the assemblies of the people called Comitia, were dissolved and broke up by occasion thereof, in case any one among them fell downe of that disease, according as Q. Serenus Semonicus hath testified in these verses, cap. 57.

            
                Est morbi species subiti, cui nomen ab illo est,

                Quod fieri nobis suffragia justa recusant.

                Sæpe etenim membris acri languere caducis,

                Concilium populi labes horrenda diremit.

            
            As also for that, they who were subject thereto, fell into a fit thereof ordinarily at such assemblyes, if they were crossed in their suites and businesses there. Cornelius Celsus calleth it Morbum maiorem, i. a great sicknesse. It is named likewise ἱερὸν νόσημα, i. the sacred disease, either because it affecteth the heade, which is the most honorable place of the body and the seate of the Soule, or in regard of the greatnesse thereof, which the Græcians expresse by the ἱερὸν. Also Epilepsia, for the sodaine invasion of it. Herculeus Morbus, either for the strength of the malady, whereby a man is forced to fall, or because Hercules was troubled therewith. Plinie nameth it, Senticus, for the hurt that it doth unto the bodie: others Caducus, for that upon it, men fall to the ground. It is called moreover Lunaticus, of the Moone: because it keepeth time with the course of the Moone, or apprehendeth them that are borne in the change thereof, as the same Serenus reporteth in these verses:

            
                Huc quoque commemorant dubicæ per tempora Lunæ,

                Conceptum talem, quem sæpe ruina profudit.

            
            Lastly Hippocrates nameth it Pædicon, i. puerilem morbum, for that children bee subject thereto: whereupon some tearme it, Mater puerorum.

      ","  Comitiali Morbo, so called, for that the assemblies of the people called Comitia, were dissolved and broke up by occasion thereof, in case any one among them fell downe of that disease, according as Q. Serenus Semonicus hath testified in these verses, cap. 57.
            
                Est morbi species subiti, cui nomen ab illo est,
                Quod fieri nobis suffragia justa recusant.
                Sæpe etenim membris acri languere caducis,
                Concilium populi labes horrenda diremit.
            
            As also for that, they who were subject thereto, fell into a fit thereof ordinarily at such assemblyes, if they were crossed in their suites and businesses there. Cornelius Celsus calleth it Morbum maiorem, i. a great sicknesse. It is named likewise ἱερὸν νόσημα, i. the sacred disease, either because it affecteth the heade, which is the most honorable place of the body and the seate of the Soule, or in regard of the greatnesse thereof, which the Græcians expresse by the ἱερὸν. Also Epilepsia, for the sodaine invasion of it. Herculeus Morbus, either for the strength of the malady, whereby a man is forced to fall, or because Hercules was troubled therewith. Plinie nameth it, Senticus, for the hurt that it doth unto the bodie: others Caducus, for that upon it, men fall to the ground. It is called moreover Lunaticus, of the Moone: because it keepeth time with the course of the Moone, or apprehendeth them that are borne in the change thereof, as the same Serenus reporteth in these verses:
            
                Huc quoque commemorant dubiæ per tempora Lunæ,
                Conceptum talem, quem sæpe ruina profudit.
            
            Lastly Hippocrates nameth it Pædicon, i. puerilem morbum, for that children bee subject thereto: whereupon some tearme it, Mater puerorum.
      ",242,242,0.9928,0.9964,comitiali morbo so called for that the assemblies of the people called comitia were dissolved and broke up by occasion thereof in case any one among them fell downe of that disease according as q serenus semonicus hath testified in these verses cap 57 est morbi species subiti cui nomen ab illo est quod fieri nobis suffragia justa recusant sæpe etenim membris acri languere caducis concilium populi labes horrenda diremit as also for that they who were subject thereto fell into a fit thereof ordinarily at such assemblyes if they were crossed in their suites and businesses there cornelius celsus calleth it morbum maiorem i a great sicknesse it is named likewise ἱερὸν νόσημα ἱ the sacred disease either because it affecteth the heade which is the most honorable place of the body and the seate of the soule or in regard of the greatnesse thereof which the græcians expresse by the ἱερὸν also epilepsia for the sodaine invasion of it herculeus morbus either for the strength of the malady whereby a man is forced to fall or because hercules was troubled therewith plinie nameth it senticus for the hurt that it doth unto the bodie others caducus for that upon it men fall to the ground it is called moreover lunaticus of the moone because it keepeth time with the course of the moone or apprehendeth library othe university or california them that are borne in the change thereof as the same serenus reporteth in these verses huc quoque commemorant dubiæ per tempora lunæ conceptum talem quem sæpe ruina profudit lastly hippocrates nameth it pædicon i puerilem morbum for that children bee subject thereto whereupon some tearme it mater puerorum,comitiali morbo so called for that the assemblies of the people called comitia were dissolved and broke up by occasion thereof in case any one among them fell downe of that disease according as q serenus semonicus hath testified in these verses cap 57 est morbi species subiti cui nomen ab illo est quod fieri nobis suffragia justa recusant sæpe etenim membris acri languere caducis concilium populi labes horrenda diremit as also for that they who were subject thereto fell into a fit thereof ordinarily at such assemblyes if they were crossed in their suites and businesses there cornelius celsus calleth it morbum maiorem i a great sicknesse it is named likewise ἱερὸν νόσημα i the sacred disease either because it affecteth the heade which is the most honorable place of the body and the seate of the soule or in regard of the greatnesse thereof which the græcians expresse by the ἱερὸν also epilepsia for the sodaine invasion of it herculeus morbus either for the strength of the malady whereby a man is forced to fall or because hercules was troubled therewith plinie nameth it senticus for the hurt that it doth unto the bodie others caducus for that upon it men fall to the ground it is called moreover lunaticus of the moone because it keepeth time with the course of the moone or apprehendeth them that are borne in the change thereof as the same serenus reporteth in these verses huc quoque commemorant dubiæ per tempora lunæ conceptum talem quem sæpe ruina profudit lastly hippocrates nameth it pædicon i puerilem morbum for that children bee subject thereto whereupon some tearme it mater puerorum,OCR marker supports existing location,H008,Note continues across pp. 242–243; UC library stamp is not note text. Only dubicæ → dubiæ corrected.
holland-jc-note-197,197,48.1,footnote,2,2,545,551,"Thus Turnebus expoundeth it: but it may be meant of the meaner sort of his Cohors prætoria, who were Sagati or palliati: to put a difference betweene them and the persons of better quality, who were Togati.","Thus Turnebus expoundeth it: but it may be meant of the meaner sort of his Cohors prætoria, who were Sagati or palliati: to put a difference betweene them and the persons of better quality, who were Togati.",49,49,0.973,0.973,made turnebus expoundeth it but it may be meant of the meaner sort of his cohors prætoria who were sagati or palliati to put a difference betweene them and the persons of better quality who were togati,made turnebus expoundeth it but it may be meant of the meaner sort of his cohors prætoria who were sagati or palliati to put a difference betweene them and the persons of better quality who were togati,Context found; marker unresolved,,"The OCR places “2 Thus” before note 1; preserve logical note beginning Thus, not nearby word made."
holland-jc-note-227,227,55.3,footnote,2,2,643,649,"Which he wrote for, or to Metellus.","Which he wrote for, or to Metellus.",55,55,1.0,1.0,which he wrote for or to 1 take it generally for the whole action metellus,which he wrote for or to 1 take it generally for the whole action metellus,OCR marker supports existing location,,OCR interleaves note 1 between “to” and “Metellus”; preserve complete note.
holland-jc-note-246,246,59.1,footnote,3,3,692,698,"Or Salutio. Read Plinie, Natur. Hist. lib. 7. cap. 12.","Or Salutio. Read Plinie, Natur. Hist. lib. 7. cap. 12.",58,58,0.9,0.9,word salutio read plinie natur hist lib 7 cap 12,word salutio read plinie natur hist lib 7 cap 12,Location unresolved,,“3 Or” is displaced after the note in OCR; do not substitute the adjacent note’s word “word”.
holland-jc-note-260,260,67.2,footnote,2,2,743,749,"And the Legions with him, A.U.C. 700.","And the Legions with him, A.U.C. 700.",62,62,0.8889,0.8889,discipline the legions with him a u c 700,discipline the legions with him a u c 700,OCR marker supports existing location,,“2 And” is displaced after the note in OCR; do not substitute the adjacent note’s word “discipline”.
holland-jc-note-261,261,68.1,annotation,a,a,749,755,"E viatico suo. Albeit viaticum properly signifyeth the store and provision set by for a journey, yet heere it is put for the wealth and the substance of a souldier: like as in Horat. lib. 2, Epist. 2. Luculli miles collecta viatica multis
Aerumnis, etc.
 In which sense, ἐφίδιεν likewise in Greeke is taken.","E viatico suo. Albeit viaticum properly signifyeth the store and provision set by for a journey, yet heere it is put for the wealth and the substance of a souldier: like as in Horat. lib. 2, Epist. 2. Luculli miles collecta viatica multisAerumnis, etc. In which sense, ἐφίδιεν likewise in Greeke is taken.",243,243,0.9444,1.0,ægyptians got it albeit viaticum properly signifyeth the store and provision set by for a journey yet heere it is put for the wealth and the substance of a souldier like as in horat lib 2 epist 2 a e viatico suo luculli miles collecta viatica multis aerumnis etc in which sense ἐφίδιεν likewise in greeke is taken,e viatico suo albeit viaticum properly signifyeth the store and provision set by for a journey yet heere it is put for the wealth and the substance of a souldier like as in horat lib 2 epist 2 luculli miles collecta viatica multis aerumnis etc in which sense ἐφίδιεν likewise in greeke is taken,OCR marker supports existing location,,Preserve verse-line boundaries and E viatico suo; UC reading order displaces the lemma.
holland-jc-note-296,296,78.1,footnote,1,1,839,845,"In expiabilem or exitiabilem, i. deadly, and that which brought him to mischeife.","In expiabilem or exitiabilem, i. deadly, and that which brought him to mischeife.",70,70,0.6154,0.6154,in expiabilem or exitiabilem i deadly and mischeife,in expiabilem or exitiabilem i deadly and mischeife,OCR marker supports existing location,,The words “that which brought him to” survive later in the same OCR footnote block. Do not delete them.
holland-jc-note-349,349,84.3,footnote,3,3,934,940,Detulerunt.,Detulerant.,78,78,0,0,,,Context found; marker unresolved,H009,Both OCR witnesses p. 78 read Detulerant; corrected.
holland-jc-note-355,355,87.1,footnote,1,1,961,967,"Cyripædia, 8.","Cyripædia, 8.",79,79,0.5,0.5,cyripadia 8,cyripadia 8,OCR marker supports existing location,,Cyripædia versus OCR Cyripadia: ligature/reading requires scan; not corrected.
