original_line,comment
188, Missed the last sentence of the note V1951
235, Bust instead of statuette V1951
246," Added this date in, it did find several above "
256," WRONG NOTE PLACEMENT Had to move the note to after the word where it belong, also it has a 2 rather than footnote 2 "
283, Moved this sentence to correct section  GRC: the section break was in the right place
380, Need to get Gemini to tag? 
576, ADDED LANGUAGE TAG FOR GREEK 
685, WRONG NOTE PLACEMENT - MOVED NOTE 
702, IT GOT CONFUSED BY DATES HERE ADDED IN TWO SEPARATE PLACE 
880, Is this standard practice I'm finding this jarring having latter notes from copyrighted editions added 
931, CONFLATED TWO NOTES HERE 
1311, MISSED NOTE 
1452, MISSED NOTE 
1529, THIS NOTE MISSES THE QUOTES AND TAGGING THE LANGUAGES 
1551, MISSED QUOTES 
1678, MISSED NOTE HERE 
1698," This is a retranslation: Indications of his clemency and mildness are numerous and
              strong. Not to mention how many and what men of the opposing party he pardoned and
              received into his friendship, and even suffered to hold the highest positions in the
              state, "
1699, end of retranslation 
1747," THIS IS NOT A NEW SECTION -JUST A NEW PARAGRAPH IN THIS SECTION 
          <div type=""textpart"" subtype=""section""
            xml:base=""urn:cts:latinLit:phi1348.abo012.rolfe-eng1:52"" n=""2"">
            <p>When the people did their best to force the dictatorship upon him, he knelt down,
              threw off his toga from his shoulders and with bare breast begged them not to
              insist.</p></div>"
1759, MISSED NOTE HERE-ALSO NO QUOTES FOR NOTE 
1783, MISSED NOTE HERE 
1784, ANOTHER BRIEF RETRANSLATION and as they sat
1806, MISSED NOTE 
1834, MISSED NOTE 
1847, WRONGLY PUT IN SECTION 3 
1858," RETRANSLATION OF FIRST SENTENCE When his close friend Nonius Asprenas was
              meeting a charge of poisoning at the instance of Cassius Severus, Augustus asked the
              senate what they thought he ought to do; for he hesitated, he said, for fear that if
              he should support him, it might be thought that he was shielding a guilty man, but if
              he failed to do so, that he was proving false to a friend and prejudicing his
              case."
1872, MISSED NOTE 
1873, MISSED NOTE 
1893, MISSED NOTE 
1903, MISSED NOTE 
1960, MISSED NOTE 
1965," THERE IS SOME PARAPHRASE IN THIS PARAGRAPH: I only see ""; and they"" became "". They"" "
1977," RETRANSLATION OF  WHOLE SENTENCE: Since I have shown what
              manner of man he was in public life and in his commands, in governing the empire and
              in directing its wars over the whole world both in peace and in war, I shall next give
              an account of his private and domestic life, describing his character and his fortune
              at home and in his household from his youth until the last day of his life. "
2007, MISSING ALL DATE NOTES IN THIS PARAGRAPH 
2010," RETRANSLATION OF START OF SENTENCE: He parted from her too, "
2056, MISSED NOTE 
2069, MISSED NOTE 
2079, MISSED DATES IN THIS CHAPTER 
2147, MISSED NOTE 
2149, MISSED NOTE 
2172, MISSED NOTE 
2226, DO NOTES NEED QUOTES? GRC: Not if they have <quote> tags around them.
2290, CONFLATED A SECOND NOTE HERE 
2308, MISSED NOTE 
2313, THIS SENTENCE WRONGLY PUT IN THE NEXT SECTION 
2362, CONFLATED A SECOND NOTE 
2363,PUT THIS SENTENCE IN NEXT SECTION WRONGLY 
2375, NEED TO TAG GREEK 
2378, SENTENCE PUT INCORRECTLY IN NEXT SECTION 
2402, WRONG NOTE PLACEMENT AT END 
2424, MISSED NOTE 
2439," THERE IS NO SECTION 2=INCORRECTLY CREATD -LAST SENTENCE OF PREVIOUS SECTION REMOVED from here AND MOVED UP
          <div type=""textpart"" subtype=""section""
            xml:base=""urn:cts:latinLit:phi1348.abo012.rolfe-eng1:74"" n=""2"">
            <p/>
          </div>"
2586, MISSED DATE 23 BC 
2609, MISSED NOTE 
2753, AND YET ALL THE LATIN WORDS ARE TAGGED HERE AS FOREIGN 
2801, PUT NOTE HERE AT THE END OF PARA ORIGINALLY 
2857, WRONG NOTE PLACEMENT-PUT AT END OF PARA 
2918, WRONG NOTE PLACEMENT HERE PUT IT IN PREVIOUS SENTENCE 
2975, WRONG NOTE PLACEMENT 
2978, WRONG NOTE PLACEMENT HERE 
3036, MISSED CREATING SECOND PARAGRAPH  BECAUSE NOT NEW SECTION
3125, MISSED GREEK TAGGING 
3127, MISSED GREEK TAGGING 
3210, MISSED QUOTES IN THIS NOTE 
3219, MISSED GREEK LANGUAGE 
3282, MISSED DATE ON THE SIDE 
3316, MISSED DATE HERE 
3327, MISSED DATE HERE 
3340, WRONG NOTE PLACEMENT 
3342, MISSED NOTE 
