note_index,reference,original_line,reviewed_line,attributes,text,original_text,earlier_1970_comparison,1914_verification,1914_printed_page,1914_pdf_page,coverage_status
102,50.1,1678,1683,"{""n"": ""a"", ""type"": ""footnote""}","Diploma, strictly any document written on a two-leaved tablet, is used especially of those which secured to travellers the use of the public post (see chap. xlix. 3) and other privileges; cf. Cic. Ad Fam. 6. 12.","Diploma, strictly any document written on a two-leaved tablet, is used especially of those which secured to travellers the use of the public post (see chap. xlix. 3) and other privileges; cf. Cic. Ad Fam. 6. 12.",word-match,Previously reported missing in a different Augustus file; present here at the inspected anchor,204,234,Present in XML; full source-footnote enumeration remains open
104,53.1,1755,1759,"{""resp"": ""editor""}","Dominus, ""master,"" in the time of the Republic indicated the relation between master and slaves. Tiberius also shrank from it (Tib. xxvii), and it was first adopted by Caligula and Domitian. From the time of Trajan it was usual in the sense of ""Lord"" or ""Sire.""","Dominus, ""master,"" in the time of the Republic indicated the relation between master and slaves. Tiberius also shrank from it (Tib. xxvii), and it was first adopted by Caligula and Domitian. From the time of Trajan it was usual in the sense of ""Lord"" or ""Sire.""",word-match,Previously reported missing in a different Augustus file; present here at the inspected anchor,206,236,Present in XML; full source-footnote enumeration remains open
105,53.3,1781,1784,"{""resp"": ""editor""}","That is, they did not make a morning call on him, as in other days","That is, they did not make a morning call on him, as in other days",word-match,Previously reported missing in a different Augustus file; present here at the inspected anchor,208,238,Present in XML; full source-footnote enumeration remains open
106,54.1,1805,1807,"{""resp"": ""editor""}",See chap. xxxv.1.,See chap. xxxv.1.,word-match,Previously reported missing in a different Augustus file; present here at the inspected anchor,210,240,Present in XML; full source-footnote enumeration remains open
107,56.1,1830,1831,"{""resp"": ""editor""}","The Romans in their wills often express their opinion freely about public men and affairs; cf. chap. lxvi, and Cassius Dio, 58.25, where it is said that Fulcinius Tiro, who died in prison, bitterly assailed Tiberius in his will","The Romans in their wills often express the opinion freely about public men and affairs; cf. chap. lxvi, and Cassius Dio, 58.25, where it is said that Fulcinius Tiro, who died in prison, bitterly assailed Tiberius in his will",wording-review,their opinion corrected; printed Tiro retained,210,240,Present in XML; full source-footnote enumeration remains open
108,56.4,1871,1872,"{""resp"": ""editor""}","The movable seats provided for the advocates, witnesses, etc.","The movable seats provided for the advocates, witnesses, etc.",wording-review,Previously reported missing in a different Augustus file; present here at the inspected anchor,212,242,Present in XML; full source-footnote enumeration remains open
109,56.4,1874,1875,"{""resp"": ""editor""}","The custom of defending an accused person by a general eulogy of his character was forbidden by Pompey in his third consul­ship (Dio, 40.52), but was nevertheless resorted to, even by Pompey himself (Dio, 40.55).","The custom of defending an accused person by a general eulogy of his character was forbidden by Pompey in his third consul­ship (Dio, 40.52), but was nevertheless resorted to, even by Pompey himself (Dio, 40.55).",wording-review,Previously reported missing in a different Augustus file; present here at the inspected anchor,212,242,Present in XML; full source-footnote enumeration remains open
110,57.1,1893,1893,"{""resp"": ""editor""}",September 22 and 23.,September 22 and 23.,word-match,Previously reported missing in a different Augustus file; present here at the inspected anchor,212,242,Present in XML; full source-footnote enumeration remains open
111,57.2,1903,1903,"{""resp"": ""editor""}",Probably of the scribes and other minor officials.,Probably of the scribes and other minor officials.,word-match,Previously reported missing in a different Augustus file; present here at the inspected anchor,212,242,Present in XML; full source-footnote enumeration remains open
112,60.1,1961,1958,"{""resp"": ""editor""}","One's tutelary divinity, or familiar spirit, closely identified with the person himself.","One's tutelary divinity, or familiar spirit, closely identified with the person himself.",word-match,Previously reported missing in a different Augustus file; present here at the inspected anchor,216,246,Present in XML; full source-footnote enumeration remains open
