id,file,reference,volume,note_page,seq,source_excerpt,status,anchor_evidence,pdf_decision_id,pdf_review_status
N01,suetonius.cal.loeb_eng1.xml,18.2,1,430,468,To be scrambled for by the spectators.,missing-in-supplied-witness-comparison,"Source p. 431 reads gift-tokens""; XML instead reads gifts and contains no footnote at that point. Quotation-mark debris preserved as evidence; no anchor was inserted.",P031,Note and anchor verified in 1914 PDF
N02,suetonius.titus.loeb_eng1.xml,7.3,2,330,342,See note on Vesp. ix.,missing-in-supplied-witness-comparison,Source p. 331 reads amphitheatrea; attached a survives.,P021,Note and anchor verified in 1914 PDF
N03,suetonius.titus.loeb_eng1.xml,7.3,2,330,342,See Aug. xliii. 1.,missing-in-supplied-witness-comparison,Source note is present; exact in-text marker not recovered. Placement unresolved.,P022,Note and anchor verified in 1914 PDF
N04,suetonius.titus.loeb_eng1.xml,7.3,2,330,342,"When the water had been let out; cf. Nero, xxvii. 2.",missing-in-supplied-witness-comparison,Source note is present; exact in-text marker not recovered. Placement unresolved.,P023,Note and anchor verified in 1914 PDF
N05,suetonius.aug.loeb_eng1.xml,50,1,204,242,"Diploma, strictly any document written on a two-leaved",missing-in-supplied-witness-comparison,Source note wording absent from all notes in this XML. Earlier-edition comparison required before declaring an omission from the intended 1914 base; no precise insertion point assigned.,P001,Note and anchor verified in 1914 PDF
N06,suetonius.aug.loeb_eng1.xml,53,1,206,244,"Dominus, “master,"" in the time of the Republic",missing-in-supplied-witness-comparison,Source note wording absent from all notes in this XML. Earlier-edition comparison required before declaring an omission from the intended 1914 base; no precise insertion point assigned.,P002,Note and anchor verified in 1914 PDF
N07,suetonius.aug.loeb_eng1.xml,53,1,208,246,"That is, they did not make a morning call on him",missing-in-supplied-witness-comparison,Source note wording absent from all notes in this XML. Earlier-edition comparison required before declaring an omission from the intended 1914 base; no precise insertion point assigned.,P003,Note and anchor verified in 1914 PDF
N08,suetonius.aug.loeb_eng1.xml,54,1,210,248,See chap. xxxv. 1.,missing-in-supplied-witness-comparison,Source note wording absent from all notes in this XML. Earlier-edition comparison required before declaring an omission from the intended 1914 base; no precise insertion point assigned.,P004,Note and anchor verified in 1914 PDF
N09,suetonius.aug.loeb_eng1.xml,56,1,210,248,The Romans in their wills often express their opinion,missing-in-supplied-witness-comparison,Source note wording absent from all notes in this XML. Earlier-edition comparison required before declaring an omission from the intended 1914 base; no precise insertion point assigned.,P005,Note and anchor verified in 1914 PDF
N10,suetonius.aug.loeb_eng1.xml,56,1,212,250,"The movable seats provided for the advocates, witnesses,",missing-in-supplied-witness-comparison,Source note wording absent from all notes in this XML. Earlier-edition comparison required before declaring an omission from the intended 1914 base; no precise insertion point assigned.,P006,Note and anchor verified in 1914 PDF
N11,suetonius.aug.loeb_eng1.xml,56,1,212,250,The custom of defending an accused person by a general,missing-in-supplied-witness-comparison,Source note wording absent from all notes in this XML. Earlier-edition comparison required before declaring an omission from the intended 1914 base; no precise insertion point assigned.,P007,Note and anchor verified in 1914 PDF
N12,suetonius.aug.loeb_eng1.xml,57,1,212,250,September 22 and 23.,missing-in-supplied-witness-comparison,Source note wording absent from all notes in this XML. Earlier-edition comparison required before declaring an omission from the intended 1914 base; no precise insertion point assigned.,P008,Note and anchor verified in 1914 PDF
N13,suetonius.aug.loeb_eng1.xml,57,1,212,250,Probably of the scribes and other minor officials.,missing-in-supplied-witness-comparison,Source note wording absent from all notes in this XML. Earlier-edition comparison required before declaring an omission from the intended 1914 base; no precise insertion point assigned.,P009,Note and anchor verified in 1914 PDF
N14,suetonius.aug.loeb_eng1.xml,60,1,216,254,"One's tutelary divinity, or familiar spirit, closely identified",missing-in-supplied-witness-comparison,Source note wording absent from all notes in this XML. Earlier-edition comparison required before declaring an omission from the intended 1914 base; no precise insertion point assigned.,P010,Note and anchor verified in 1914 PDF
