pdf_page,volume,printed_label,words,mean_confidence,words_below_50,proofreading_status
1,1,,33,96.05,0,Not manually proofread
2,1,,37,92.08,1,Selected notes/wording checked
3,1,,1,90.82,0,Not manually proofread
4,1,,185,93.95,4,Not manually proofread
5,1,,84,94.0,1,Not manually proofread
6,1,,97,53.99,48,Not manually proofread
7,1,,5,86.4,0,Not manually proofread
8,1,,228,91.0,9,Not manually proofread
9,1,,311,92.13,8,Not manually proofread
10,1,,275,92.98,6,Not manually proofread
11,1,,204,88.89,12,Not manually proofread
12,1,,289,93.83,4,Not manually proofread
13,1,,120,95.5,0,Not manually proofread
14,1,,7,95.9,0,Not manually proofread
15,1,,230,92.99,5,Not manually proofread
16,1,,294,92.58,7,Not manually proofread
17,1,,286,93.98,4,Not manually proofread
18,1,,53,95.66,0,Not manually proofread
19,1,,229,94.29,1,Not manually proofread
20,1,,270,93.88,2,Not manually proofread
21,1,,269,93.1,4,Not manually proofread
22,1,,285,92.56,7,Not manually proofread
23,1,,95,93.53,1,Not manually proofread
24,1,,5,86.4,0,Not manually proofread
25,1,,196,94.19,2,Not manually proofread
26,1,,288,91.58,6,Not manually proofread
27,1,,54,92.4,2,Not manually proofread
28,1,,5,86.4,0,Not manually proofread
29,1,,102,87.78,5,Not manually proofread
30,1,,5,86.4,0,Not manually proofread
31,1,1,13,91.99,0,Not manually proofread
32,1,2,175,88.39,8,Not manually proofread
33,1,3,203,94.26,2,Not manually proofread
34,1,4,195,90.12,5,Not manually proofread
35,1,5,312,94.16,5,Not manually proofread
36,1,6,175,90.56,2,Not manually proofread
37,1,7,303,94.94,3,Not manually proofread
38,1,8,197,90.6,4,Not manually proofread
39,1,9,306,93.96,5,Not manually proofread
40,1,10,207,91.77,3,Not manually proofread
41,1,11,304,95.25,1,Not manually proofread
42,1,12,234,90.77,4,Not manually proofread
43,1,13,317,94.34,2,Not manually proofread
44,1,14,248,91.57,4,Not manually proofread
45,1,15,278,94.93,1,Not manually proofread
46,1,16,180,91.7,2,Not manually proofread
47,1,17,299,95.16,1,Not manually proofread
48,1,18,217,92.15,1,Not manually proofread
49,1,19,302,94.73,4,Not manually proofread
50,1,20,195,90.5,5,Not manually proofread
51,1,21,287,94.24,3,Not manually proofread
52,1,22,287,90.28,7,Not manually proofread
53,1,23,291,93.6,3,Not manually proofread
54,1,24,237,92.19,0,Not manually proofread
55,1,25,293,94.5,4,Not manually proofread
56,1,26,257,90.1,8,Not manually proofread
57,1,27,276,94.39,3,Not manually proofread
58,1,28,201,89.63,3,Not manually proofread
59,1,29,304,95.14,0,Not manually proofread
60,1,30,198,89.27,4,Not manually proofread
61,1,31,295,95.21,0,Not manually proofread
62,1,32,262,87.66,11,Not manually proofread
63,1,33,275,94.84,2,Not manually proofread
64,1,34,178,91.95,0,Not manually proofread
65,1,35,289,95.69,0,Not manually proofread
66,1,36,222,87.56,12,Not manually proofread
67,1,37,300,94.31,4,Not manually proofread
68,1,38,193,91.95,2,Not manually proofread
69,1,39,298,94.2,5,Not manually proofread
70,1,40,250,89.66,7,Not manually proofread
71,1,41,299,94.75,5,Not manually proofread
72,1,42,232,86.4,13,Not manually proofread
73,1,43,309,93.3,6,Not manually proofread
74,1,44,222,89.21,7,Not manually proofread
75,1,45,324,95.22,2,Not manually proofread
76,1,46,240,91.71,1,Not manually proofread
77,1,47,307,94.25,4,Not manually proofread
78,1,48,194,89.59,6,Not manually proofread
79,1,49,299,95.24,1,Not manually proofread
80,1,50,182,90.44,2,Not manually proofread
81,1,51,304,94.85,1,Not manually proofread
82,1,52,260,90.74,5,Not manually proofread
83,1,53,312,93.77,4,Not manually proofread
84,1,54,230,91.38,2,Not manually proofread
85,1,55,301,95.77,0,Not manually proofread
86,1,56,224,89.54,9,Not manually proofread
87,1,57,295,94.55,2,Not manually proofread
88,1,58,253,90.06,5,Not manually proofread
89,1,59,293,94.98,2,Not manually proofread
90,1,60,195,90.7,4,Not manually proofread
91,1,61,315,95.15,2,Not manually proofread
92,1,62,241,91.8,2,Not manually proofread
93,1,63,321,94.9,3,Not manually proofread
94,1,64,162,91.1,1,Not manually proofread
95,1,65,302,95.27,1,Not manually proofread
96,1,66,216,90.57,2,Not manually proofread
97,1,67,299,93.46,5,Not manually proofread
98,1,68,244,90.78,2,Not manually proofread
99,1,69,257,94.99,1,Not manually proofread
100,1,70,222,87.33,8,Not manually proofread
101,1,71,290,95.05,0,Not manually proofread
102,1,72,253,91.56,3,Not manually proofread
103,1,73,310,95.18,0,Not manually proofread
104,1,74,228,90.36,6,Not manually proofread
105,1,75,301,94.7,2,Not manually proofread
106,1,76,209,89.32,6,Not manually proofread
107,1,77,304,93.84,3,Not manually proofread
108,1,78,300,90.27,6,Not manually proofread
109,1,79,305,95.14,2,Not manually proofread
110,1,80,209,90.59,4,Not manually proofread
111,1,81,311,95.18,3,Not manually proofread
112,1,82,212,88.88,7,Not manually proofread
113,1,83,317,94.92,3,Not manually proofread
114,1,84,248,89.29,10,Not manually proofread
115,1,85,302,95.13,1,Not manually proofread
116,1,86,175,89.75,3,Not manually proofread
117,1,87,309,95.62,0,Not manually proofread
118,1,88,198,90.75,3,Not manually proofread
119,1,89,309,95.26,4,Not manually proofread
120,1,90,216,91.09,3,Not manually proofread
121,1,91,302,95.66,0,Not manually proofread
122,1,92,203,89.39,6,Not manually proofread
123,1,93,308,94.61,3,Not manually proofread
124,1,94,191,91.14,2,Not manually proofread
125,1,95,302,95.27,2,Not manually proofread
126,1,96,208,89.24,4,Not manually proofread
127,1,97,310,94.56,2,Not manually proofread
128,1,98,187,89.69,4,Not manually proofread
129,1,99,300,95.6,0,Not manually proofread
130,1,100,227,90.81,3,Not manually proofread
131,1,101,316,92.34,12,Not manually proofread
132,1,102,241,89.06,8,Not manually proofread
133,1,103,305,95.1,2,Not manually proofread
134,1,104,222,89.15,6,Not manually proofread
135,1,105,288,94.95,2,Not manually proofread
136,1,106,205,90.13,4,Not manually proofread
137,1,107,287,93.37,6,Not manually proofread
138,1,108,228,89.88,6,Not manually proofread
139,1,109,334,94.87,2,Not manually proofread
140,1,110,254,88.71,8,Not manually proofread
141,1,111,324,94.43,5,Not manually proofread
142,1,112,243,89.98,4,Not manually proofread
143,1,113,312,94.15,5,Not manually proofread
144,1,114,200,89.47,4,Not manually proofread
145,1,115,307,94.46,5,Not manually proofread
146,1,116,237,90.25,5,Not manually proofread
147,1,117,308,95.46,1,Not manually proofread
148,1,118,231,89.91,7,Not manually proofread
149,1,119,328,94.79,3,Not manually proofread
150,1,120,5,86.4,0,Not manually proofread
151,1,121,5,94.59,0,Not manually proofread
152,1,122,159,89.67,4,Not manually proofread
153,1,123,227,95.3,0,Not manually proofread
154,1,124,198,89.51,6,Not manually proofread
155,1,125,302,95.27,1,Not manually proofread
156,1,126,241,88.12,10,Not manually proofread
157,1,127,284,94.41,2,Not manually proofread
158,1,128,189,91.62,3,Not manually proofread
159,1,129,310,94.86,2,Not manually proofread
160,1,130,205,89.33,4,Not manually proofread
161,1,131,289,93.99,4,Not manually proofread
162,1,132,197,88.92,7,Not manually proofread
163,1,133,305,95.14,0,Not manually proofread
164,1,134,192,91.28,3,Not manually proofread
165,1,135,303,94.71,2,Not manually proofread
166,1,136,205,90.33,3,Not manually proofread
167,1,137,318,95.14,3,Not manually proofread
168,1,138,226,88.21,8,Not manually proofread
169,1,139,309,94.97,2,Not manually proofread
170,1,140,206,90.7,3,Not manually proofread
171,1,141,308,94.84,3,Not manually proofread
172,1,142,210,90.73,3,Not manually proofread
173,1,143,338,95.12,2,Not manually proofread
174,1,144,196,89.94,4,Not manually proofread
175,1,145,309,95.02,1,Not manually proofread
176,1,146,211,91.19,2,Not manually proofread
177,1,147,310,94.81,1,Not manually proofread
178,1,148,232,88.46,7,Not manually proofread
179,1,149,296,94.49,2,Not manually proofread
180,1,150,198,90.37,6,Not manually proofread
181,1,151,306,94.74,3,Not manually proofread
182,1,152,239,90.54,4,Not manually proofread
183,1,153,306,95.27,1,Not manually proofread
184,1,154,222,90.67,5,Not manually proofread
185,1,155,299,93.85,6,Not manually proofread
186,1,156,224,90.12,4,Not manually proofread
187,1,157,301,94.84,2,Not manually proofread
188,1,158,237,87.4,14,Not manually proofread
189,1,159,307,94.91,1,Not manually proofread
190,1,160,194,90.86,3,Not manually proofread
191,1,161,330,94.58,3,Not manually proofread
192,1,162,213,89.31,7,Not manually proofread
193,1,163,302,94.89,1,Not manually proofread
194,1,164,246,90.32,6,Not manually proofread
195,1,165,319,95.55,1,Not manually proofread
196,1,166,193,87.58,6,Not manually proofread
197,1,167,321,95.05,1,Not manually proofread
198,1,168,174,91.49,1,Not manually proofread
199,1,169,306,94.64,4,Not manually proofread
200,1,170,184,89.53,5,Not manually proofread
201,1,171,298,93.66,6,Not manually proofread
202,1,172,264,89.26,12,Not manually proofread
203,1,173,299,94.9,2,Not manually proofread
204,1,174,265,89.56,10,Not manually proofread
205,1,175,308,94.91,3,Not manually proofread
206,1,176,238,90.87,3,Not manually proofread
207,1,177,295,93.38,6,Not manually proofread
208,1,178,252,89.34,6,Not manually proofread
209,1,179,310,94.41,4,Not manually proofread
210,1,180,242,89.83,6,Not manually proofread
211,1,181,305,94.45,4,Not manually proofread
212,1,182,209,90.07,4,Not manually proofread
213,1,183,293,94.41,4,Not manually proofread
214,1,184,206,88.3,7,Not manually proofread
215,1,185,287,94.61,5,Not manually proofread
216,1,186,223,88.86,6,Not manually proofread
217,1,187,281,93.95,4,Not manually proofread
218,1,188,233,90.15,6,Not manually proofread
219,1,189,292,93.99,6,Not manually proofread
220,1,190,223,86.98,13,Not manually proofread
221,1,191,307,94.3,3,Not manually proofread
222,1,192,195,86.96,13,Not manually proofread
223,1,193,300,94.87,1,Not manually proofread
224,1,194,189,90.42,4,Not manually proofread
225,1,195,335,95.03,2,Not manually proofread
226,1,196,300,87.66,17,Not manually proofread
227,1,197,295,94.22,3,Not manually proofread
228,1,198,221,90.64,6,Not manually proofread
229,1,199,303,94.97,2,Not manually proofread
230,1,200,226,91.6,2,Not manually proofread
231,1,201,296,95.45,1,Not manually proofread
232,1,202,188,90.76,0,Not manually proofread
233,1,203,289,95.42,2,Not manually proofread
234,1,204,237,90.35,6,Selected notes/wording checked
235,1,205,311,94.89,3,Selected notes/wording checked
236,1,206,280,90.62,9,Selected notes/wording checked
237,1,207,308,93.7,7,Selected notes/wording checked
238,1,208,220,89.56,4,Selected notes/wording checked
239,1,209,313,94.51,2,Selected notes/wording checked
240,1,210,255,90.09,5,Selected notes/wording checked
241,1,211,308,94.52,3,Selected notes/wording checked
242,1,212,253,91.44,3,Selected notes/wording checked
243,1,213,318,94.79,3,Selected notes/wording checked
244,1,214,202,89.55,4,Not manually proofread
245,1,215,318,94.95,2,Not manually proofread
246,1,216,191,90.3,2,Selected notes/wording checked
247,1,217,301,94.69,3,Selected notes/wording checked
248,1,218,212,89.44,4,Not manually proofread
249,1,219,295,94.11,5,Not manually proofread
250,1,220,272,90.33,9,Not manually proofread
251,1,221,303,94.32,4,Not manually proofread
252,1,222,208,89.03,7,Not manually proofread
253,1,223,294,94.96,3,Not manually proofread
254,1,224,230,87.47,12,Not manually proofread
255,1,225,308,93.56,7,Not manually proofread
256,1,226,224,89.18,5,Not manually proofread
257,1,227,299,95.06,2,Not manually proofread
258,1,228,203,88.39,6,Not manually proofread
259,1,229,297,94.5,3,Not manually proofread
260,1,230,244,89.01,11,Not manually proofread
261,1,231,304,94.03,4,Not manually proofread
262,1,232,189,90.25,3,Not manually proofread
263,1,233,285,93.44,8,Not manually proofread
264,1,234,257,90.08,3,Not manually proofread
265,1,235,315,95.09,1,Not manually proofread
266,1,236,253,90.7,4,Not manually proofread
267,1,237,303,94.16,5,Not manually proofread
268,1,238,266,88.62,7,Selected notes/wording checked
269,1,239,288,94.55,3,Selected notes/wording checked
270,1,240,247,89.76,4,Not manually proofread
271,1,241,316,94.51,3,Not manually proofread
272,1,242,236,90.34,4,Not manually proofread
273,1,243,322,95.27,2,Not manually proofread
274,1,244,219,90.33,3,Not manually proofread
275,1,245,317,94.87,5,Not manually proofread
276,1,246,230,90.9,4,Not manually proofread
277,1,247,293,95.02,3,Not manually proofread
278,1,248,267,90.72,5,Not manually proofread
279,1,249,330,94.38,3,Not manually proofread
280,1,250,230,89.62,4,Not manually proofread
281,1,251,299,94.67,0,Not manually proofread
282,1,252,187,88.37,7,Not manually proofread
283,1,253,296,94.63,4,Not manually proofread
284,1,254,245,88.41,7,Not manually proofread
285,1,255,288,92.68,4,Not manually proofread
286,1,256,268,90.08,6,Not manually proofread
287,1,257,298,94.55,4,Not manually proofread
288,1,258,197,90.68,3,Not manually proofread
289,1,259,292,95.82,0,Not manually proofread
290,1,260,249,90.39,7,Not manually proofread
291,1,261,306,94.9,1,Not manually proofread
292,1,262,257,90.97,5,Not manually proofread
293,1,263,300,95.25,2,Not manually proofread
294,1,264,224,90.4,4,Not manually proofread
295,1,265,304,94.71,4,Not manually proofread
296,1,266,220,91.3,1,Not manually proofread
297,1,267,303,95.29,1,Not manually proofread
298,1,268,218,89.82,4,Not manually proofread
299,1,269,317,95.01,3,Not manually proofread
300,1,270,221,90.86,4,Not manually proofread
301,1,271,315,94.47,5,Not manually proofread
302,1,272,209,88.86,5,Not manually proofread
303,1,273,303,94.73,2,Not manually proofread
304,1,274,253,89.3,12,Not manually proofread
305,1,275,325,94.86,4,Not manually proofread
306,1,276,235,91.59,1,Not manually proofread
307,1,277,304,95.12,1,Not manually proofread
308,1,278,244,87.54,13,Not manually proofread
309,1,279,273,94.7,2,Not manually proofread
310,1,280,235,86.76,14,Not manually proofread
311,1,281,316,94.89,3,Not manually proofread
312,1,282,208,90.8,2,Not manually proofread
313,1,283,323,95.07,2,Not manually proofread
314,1,284,245,91.59,2,Not manually proofread
315,1,285,320,94.47,4,Not manually proofread
316,1,286,150,91.95,2,Not manually proofread
317,1,287,196,95.67,0,Not manually proofread
318,1,288,5,86.4,0,Not manually proofread
319,1,289,5,83.91,1,Not manually proofread
320,1,290,145,89.34,3,Not manually proofread
321,1,291,215,93.09,6,Not manually proofread
322,1,292,225,88.41,6,Not manually proofread
323,1,293,316,94.35,3,Not manually proofread
324,1,294,204,88.56,6,Not manually proofread
325,1,295,313,93.65,6,Not manually proofread
326,1,296,192,90.61,4,Not manually proofread
327,1,297,302,94.31,3,Not manually proofread
328,1,298,238,90.14,4,Not manually proofread
329,1,299,315,95.52,0,Not manually proofread
330,1,300,241,89.94,4,Not manually proofread
331,1,301,309,94.46,4,Not manually proofread
332,1,302,252,89.17,9,Not manually proofread
333,1,303,321,94.12,6,Not manually proofread
334,1,304,234,89.25,8,Not manually proofread
335,1,305,298,93.81,7,Not manually proofread
336,1,306,230,91.6,2,Not manually proofread
337,1,307,318,94.87,3,Not manually proofread
338,1,308,181,90.14,2,Not manually proofread
339,1,309,299,94.56,4,Not manually proofread
340,1,310,186,91.64,2,Not manually proofread
341,1,311,291,95.67,1,Not manually proofread
342,1,312,206,89.82,3,Not manually proofread
343,1,313,310,94.4,3,Not manually proofread
344,1,314,205,88.55,5,Not manually proofread
345,1,315,325,95.32,1,Not manually proofread
346,1,316,257,91.54,3,Not manually proofread
347,1,317,305,95.41,2,Selected notes/wording checked
348,1,318,203,87.2,10,Not manually proofread
349,1,319,299,94.92,2,Not manually proofread
350,1,320,186,88.48,6,Not manually proofread
351,1,321,294,95.43,0,Not manually proofread
352,1,322,247,88.22,12,Not manually proofread
353,1,323,319,95.3,1,Not manually proofread
354,1,324,220,85.73,16,Not manually proofread
355,1,325,294,94.27,6,Not manually proofread
356,1,326,196,86.4,14,Not manually proofread
357,1,327,272,94.63,4,Not manually proofread
358,1,328,185,89.61,2,Not manually proofread
359,1,329,301,95.68,1,Not manually proofread
360,1,330,227,91.12,2,Not manually proofread
361,1,331,306,94.84,3,Not manually proofread
362,1,332,285,91.89,3,Not manually proofread
363,1,333,312,94.83,2,Not manually proofread
364,1,334,234,87.67,11,Not manually proofread
365,1,335,307,93.98,2,Not manually proofread
366,1,336,268,88.07,9,Not manually proofread
367,1,337,298,94.24,4,Not manually proofread
368,1,338,206,90.5,4,Not manually proofread
369,1,339,293,94.52,4,Not manually proofread
370,1,340,262,89.49,4,Not manually proofread
371,1,341,291,94.46,4,Not manually proofread
372,1,342,237,89.79,3,Not manually proofread
373,1,343,296,94.24,5,Not manually proofread
374,1,344,242,90.69,3,Not manually proofread
375,1,345,303,95.47,1,Not manually proofread
376,1,346,233,89.16,8,Not manually proofread
377,1,347,284,95.19,1,Not manually proofread
378,1,348,240,88.52,10,Not manually proofread
379,1,349,294,94.72,3,Not manually proofread
380,1,350,199,88.57,9,Not manually proofread
381,1,351,297,95.32,1,Not manually proofread
382,1,352,256,90.15,7,Selected notes/wording checked
383,1,353,284,94.36,0,Selected notes/wording checked
384,1,354,249,89.04,9,Not manually proofread
385,1,355,234,92.09,0,Selected notes/wording checked
386,1,356,197,88.89,3,Selected notes/wording checked
387,1,357,295,95.1,1,Selected notes/wording checked
388,1,358,249,91.52,4,Selected notes/wording checked
389,1,359,301,94.58,4,Selected notes/wording checked
390,1,360,243,91.26,3,Not manually proofread
391,1,361,303,94.79,3,Not manually proofread
392,1,362,214,89.86,4,Not manually proofread
393,1,363,317,95.1,4,Not manually proofread
394,1,364,179,90.63,1,Not manually proofread
395,1,365,306,94.68,3,Not manually proofread
396,1,366,212,89.29,3,Not manually proofread
397,1,367,308,94.9,2,Not manually proofread
398,1,368,179,90.01,3,Not manually proofread
399,1,369,312,95.22,2,Not manually proofread
400,1,370,238,89.68,7,Not manually proofread
401,1,371,302,95.1,2,Not manually proofread
402,1,372,195,90.06,6,Not manually proofread
403,1,373,314,94.82,2,Not manually proofread
404,1,374,206,90.81,5,Not manually proofread
405,1,375,231,93.92,6,Not manually proofread
406,1,376,205,89.82,3,Selected notes/wording checked
407,1,377,286,95.15,1,Selected notes/wording checked
408,1,378,185,91.39,0,Not manually proofread
409,1,379,306,95.62,1,Not manually proofread
410,1,380,195,89.84,5,Not manually proofread
411,1,381,316,94.14,5,Not manually proofread
412,1,382,184,90.53,2,Not manually proofread
413,1,383,316,95.89,0,Not manually proofread
414,1,384,188,90.0,4,Not manually proofread
415,1,385,305,94.36,2,Not manually proofread
416,1,386,219,89.82,5,Not manually proofread
417,1,387,317,93.8,4,Not manually proofread
418,1,388,243,90.39,3,Not manually proofread
419,1,389,314,94.21,3,Not manually proofread
420,1,390,206,91.47,1,Not manually proofread
421,1,391,303,95.51,1,Not manually proofread
422,1,392,236,89.86,2,Not manually proofread
423,1,393,306,95.08,2,Not manually proofread
424,1,394,235,89.94,8,Not manually proofread
425,1,395,322,95.28,2,Not manually proofread
426,1,396,183,90.18,4,Not manually proofread
427,1,397,313,95.17,1,Not manually proofread
428,1,398,252,89.24,5,Not manually proofread
429,1,399,308,95.04,3,Not manually proofread
430,1,400,194,92.24,3,Not manually proofread
431,1,401,223,95.37,2,Not manually proofread
432,1,402,5,86.4,0,Not manually proofread
433,1,403,6,64.05,2,Not manually proofread
434,1,404,157,90.71,2,Not manually proofread
435,1,405,238,93.99,4,Not manually proofread
436,1,406,200,90.41,1,Not manually proofread
437,1,407,293,95.51,1,Not manually proofread
438,1,408,245,89.68,9,Not manually proofread
439,1,409,311,95.21,2,Not manually proofread
440,1,410,231,91.28,2,Not manually proofread
441,1,411,284,94.38,4,Not manually proofread
442,1,412,202,90.39,4,Not manually proofread
443,1,413,272,94.52,4,Not manually proofread
444,1,414,240,90.33,5,Not manually proofread
445,1,415,310,94.57,4,Not manually proofread
446,1,416,221,89.64,4,Not manually proofread
447,1,417,323,94.32,7,Not manually proofread
448,1,418,218,89.33,7,Not manually proofread
449,1,419,314,95.57,1,Not manually proofread
450,1,420,182,90.25,3,Not manually proofread
451,1,421,318,95.42,0,Not manually proofread
452,1,422,216,90.92,4,Not manually proofread
453,1,423,294,94.94,2,Not manually proofread
454,1,424,242,90.68,6,Not manually proofread
455,1,425,328,94.59,3,Not manually proofread
456,1,426,219,89.02,5,Not manually proofread
457,1,427,294,95.25,1,Not manually proofread
458,1,428,221,90.69,1,Not manually proofread
459,1,429,324,95.01,3,Not manually proofread
460,1,430,220,89.05,5,Selected notes/wording checked
461,1,431,306,94.7,3,Selected notes/wording checked
462,1,432,217,89.13,4,Not manually proofread
463,1,433,300,94.31,3,Not manually proofread
464,1,434,213,87.7,6,Not manually proofread
465,1,435,291,93.51,5,Not manually proofread
466,1,436,231,89.57,7,Not manually proofread
467,1,437,326,94.86,3,Not manually proofread
468,1,438,234,87.61,10,Not manually proofread
469,1,439,311,94.86,3,Not manually proofread
470,1,440,196,90.69,2,Not manually proofread
471,1,441,300,95.39,0,Not manually proofread
472,1,442,198,90.63,2,Not manually proofread
473,1,443,317,95.6,0,Not manually proofread
474,1,444,227,90.86,4,Not manually proofread
475,1,445,309,94.22,8,Not manually proofread
476,1,446,264,90.14,6,Not manually proofread
477,1,447,293,94.76,3,Not manually proofread
478,1,448,175,90.89,0,Not manually proofread
479,1,449,310,94.87,3,Not manually proofread
480,1,450,213,91.49,2,Not manually proofread
481,1,451,324,95.0,2,Not manually proofread
482,1,452,206,86.86,8,Not manually proofread
483,1,453,287,93.52,6,Not manually proofread
484,1,454,198,89.44,6,Not manually proofread
485,1,455,302,94.98,2,Not manually proofread
486,1,456,218,89.35,6,Not manually proofread
487,1,457,306,95.33,1,Not manually proofread
488,1,458,240,88.56,10,Not manually proofread
489,1,459,299,95.02,1,Not manually proofread
490,1,460,205,87.95,11,Not manually proofread
491,1,461,290,94.89,2,Not manually proofread
492,1,462,236,89.59,6,Not manually proofread
493,1,463,283,95.33,0,Not manually proofread
494,1,464,220,91.44,2,Not manually proofread
495,1,465,300,94.56,4,Not manually proofread
496,1,466,191,91.92,2,Not manually proofread
497,1,467,294,94.78,1,Not manually proofread
498,1,468,198,91.19,2,Not manually proofread
499,1,469,298,94.97,3,Not manually proofread
500,1,470,221,92.28,0,Not manually proofread
501,1,471,304,93.24,8,Not manually proofread
502,1,472,229,91.63,3,Not manually proofread
503,1,473,289,94.63,3,Not manually proofread
504,1,474,216,89.02,6,Not manually proofread
505,1,475,296,94.83,2,Not manually proofread
506,1,476,212,90.61,3,Not manually proofread
507,1,477,304,95.34,0,Not manually proofread
508,1,478,207,89.22,7,Not manually proofread
509,1,479,309,94.79,3,Not manually proofread
510,1,480,205,92.04,0,Selected notes/wording checked
511,1,481,307,95.36,0,Selected notes/wording checked
512,1,482,210,89.46,3,Not manually proofread
513,1,483,309,95.76,0,Not manually proofread
514,1,484,226,89.65,6,Not manually proofread
515,1,485,310,93.02,7,Not manually proofread
516,1,486,233,91.51,5,Not manually proofread
517,1,487,314,94.7,2,Not manually proofread
518,1,488,269,90.83,3,Not manually proofread
519,1,489,300,93.91,5,Not manually proofread
520,1,490,189,88.05,7,Not manually proofread
521,1,491,315,94.77,4,Not manually proofread
522,1,492,247,90.7,4,Not manually proofread
523,1,493,300,94.65,3,Not manually proofread
524,1,494,254,88.9,12,Selected notes/wording checked
525,1,495,311,95.32,1,Selected notes/wording checked
526,1,496,178,92.04,2,Not manually proofread
527,1,497,233,94.94,2,Not manually proofread
528,1,,261,30.28,191,Not manually proofread
529,1,,155,35.43,104,Not manually proofread
530,2,,33,94.22,0,Not manually proofread
531,2,,20,82.52,1,Not manually proofread
532,2,,0,,0,Not manually proofread
533,2,,38,89.28,1,Selected notes/wording checked
534,2,,7,24.92,6,Not manually proofread
535,2,,116,64.67,40,Not manually proofread
536,2,,0,,0,Not manually proofread
537,2,1,20,70.12,6,Not manually proofread
538,2,2,144,84.14,12,Not manually proofread
539,2,3,188,93.06,5,Not manually proofread
540,2,4,257,90.11,7,Not manually proofread
541,2,5,313,93.36,8,Not manually proofread
542,2,6,248,90.75,6,Not manually proofread
543,2,7,316,94.7,2,Not manually proofread
544,2,8,243,90.64,5,Not manually proofread
545,2,9,300,93.7,7,Not manually proofread
546,2,10,267,82.71,30,Not manually proofread
547,2,11,325,94.72,3,Not manually proofread
548,2,12,280,86.35,18,Not manually proofread
549,2,13,295,92.96,8,Not manually proofread
550,2,14,214,90.0,2,Not manually proofread
551,2,15,298,95.06,0,Not manually proofread
552,2,16,206,88.16,6,Not manually proofread
553,2,17,318,94.26,5,Not manually proofread
554,2,18,244,86.47,16,Not manually proofread
555,2,19,274,94.14,3,Not manually proofread
556,2,20,213,89.06,9,Not manually proofread
557,2,21,315,94.37,4,Not manually proofread
558,2,22,241,89.56,5,Not manually proofread
559,2,23,305,94.81,3,Not manually proofread
560,2,24,206,90.18,1,Not manually proofread
561,2,25,310,93.98,5,Not manually proofread
562,2,26,219,90.15,2,Not manually proofread
563,2,27,305,95.09,1,Not manually proofread
564,2,28,219,88.71,6,Not manually proofread
565,2,29,318,95.12,1,Not manually proofread
566,2,30,194,85.77,14,Not manually proofread
567,2,31,323,95.07,2,Not manually proofread
568,2,32,235,88.8,7,Not manually proofread
569,2,33,324,94.79,2,Not manually proofread
570,2,34,231,86.21,13,Not manually proofread
571,2,35,318,94.01,4,Not manually proofread
572,2,36,279,87.47,15,Not manually proofread
573,2,37,300,93.99,5,Not manually proofread
574,2,38,255,90.18,7,Not manually proofread
575,2,39,297,94.88,3,Not manually proofread
576,2,40,295,91.86,3,Not manually proofread
577,2,41,288,93.89,4,Not manually proofread
578,2,42,241,84.56,22,Not manually proofread
579,2,43,313,91.52,12,Not manually proofread
580,2,44,251,89.4,11,Not manually proofread
581,2,45,302,94.4,2,Not manually proofread
582,2,46,255,90.87,4,Not manually proofread
583,2,47,297,93.79,5,Not manually proofread
584,2,48,233,87.88,8,Not manually proofread
585,2,49,293,94.82,2,Not manually proofread
586,2,50,266,90.38,6,Not manually proofread
587,2,51,268,94.79,2,Not manually proofread
588,2,52,266,89.02,13,Not manually proofread
589,2,53,265,94.48,2,Not manually proofread
590,2,54,214,88.05,9,Not manually proofread
591,2,55,302,95.05,1,Not manually proofread
592,2,56,240,89.52,5,Not manually proofread
593,2,57,292,94.6,2,Not manually proofread
594,2,58,232,91.17,3,Not manually proofread
595,2,59,307,94.78,2,Not manually proofread
596,2,60,198,89.66,6,Not manually proofread
597,2,61,305,95.7,0,Not manually proofread
598,2,62,235,90.45,6,Not manually proofread
599,2,63,309,94.68,2,Not manually proofread
600,2,64,230,88.84,6,Not manually proofread
601,2,65,310,93.47,6,Not manually proofread
602,2,66,226,89.35,6,Not manually proofread
603,2,67,313,94.78,4,Not manually proofread
604,2,68,191,89.47,4,Not manually proofread
605,2,69,300,95.45,0,Not manually proofread
606,2,70,237,86.09,15,Not manually proofread
607,2,71,295,94.43,2,Not manually proofread
608,2,72,222,89.23,9,Not manually proofread
609,2,73,317,94.57,4,Not manually proofread
610,2,74,246,85.93,13,Not manually proofread
611,2,75,317,94.31,3,Not manually proofread
612,2,76,260,82.43,30,Not manually proofread
613,2,77,301,92.74,9,Not manually proofread
614,2,78,235,88.51,9,Not manually proofread
615,2,79,305,94.01,4,Not manually proofread
616,2,80,206,85.57,11,Not manually proofread
617,2,81,309,95.2,0,Not manually proofread
618,2,82,57,85.11,5,Not manually proofread
619,2,83,105,93.09,2,Not manually proofread
620,2,84,0,,0,Not manually proofread
621,2,85,3,96.7,0,Not manually proofread
622,2,86,162,88.84,7,Not manually proofread
623,2,87,232,95.09,0,Not manually proofread
624,2,88,199,86.93,9,Not manually proofread
625,2,89,314,94.42,3,Not manually proofread
626,2,90,191,88.38,7,Not manually proofread
627,2,91,301,95.23,3,Not manually proofread
628,2,92,279,89.52,11,Not manually proofread
629,2,93,331,94.21,3,Not manually proofread
630,2,94,268,89.33,10,Not manually proofread
631,2,95,319,93.53,7,Not manually proofread
632,2,96,230,90.93,3,Not manually proofread
633,2,97,303,94.84,2,Not manually proofread
634,2,98,211,89.32,6,Not manually proofread
635,2,99,304,93.78,7,Not manually proofread
636,2,100,189,83.45,15,Not manually proofread
637,2,101,312,94.71,1,Not manually proofread
638,2,102,244,89.13,5,Not manually proofread
639,2,103,307,94.3,2,Not manually proofread
640,2,104,259,91.51,4,Not manually proofread
641,2,105,303,93.99,4,Not manually proofread
642,2,106,170,89.39,2,Not manually proofread
643,2,107,307,95.41,0,Not manually proofread
644,2,108,230,91.14,1,Not manually proofread
645,2,109,301,94.33,5,Not manually proofread
646,2,110,259,88.65,12,Not manually proofread
647,2,111,300,93.81,6,Not manually proofread
648,2,112,256,90.44,7,Not manually proofread
649,2,113,309,93.56,7,Not manually proofread
650,2,114,218,90.64,5,Not manually proofread
651,2,115,311,94.5,4,Not manually proofread
652,2,116,244,89.25,7,Not manually proofread
653,2,117,320,94.88,2,Not manually proofread
654,2,118,222,88.43,12,Not manually proofread
655,2,119,309,92.94,7,Not manually proofread
656,2,120,184,92.04,1,Not manually proofread
657,2,121,319,94.42,6,Not manually proofread
658,2,122,223,91.59,4,Not manually proofread
659,2,123,298,95.08,2,Not manually proofread
660,2,124,257,91.25,6,Not manually proofread
661,2,125,296,94.8,3,Not manually proofread
662,2,126,280,90.71,6,Not manually proofread
663,2,127,315,94.56,3,Not manually proofread
664,2,128,246,88.31,11,Not manually proofread
665,2,129,312,94.66,2,Not manually proofread
666,2,130,214,88.34,8,Not manually proofread
667,2,131,291,94.3,4,Not manually proofread
668,2,132,213,89.69,3,Not manually proofread
669,2,133,320,95.39,1,Not manually proofread
670,2,134,235,88.36,2,Not manually proofread
671,2,135,285,93.03,7,Not manually proofread
672,2,136,216,90.77,2,Not manually proofread
673,2,137,309,94.51,5,Not manually proofread
674,2,138,218,91.64,2,Not manually proofread
675,2,139,319,95.64,1,Not manually proofread
676,2,140,236,90.16,8,Not manually proofread
677,2,141,309,94.96,0,Not manually proofread
678,2,142,203,90.54,5,Not manually proofread
679,2,143,316,95.15,2,Not manually proofread
680,2,144,221,90.68,3,Not manually proofread
681,2,145,312,95.18,3,Not manually proofread
682,2,146,263,91.69,2,Not manually proofread
683,2,147,292,94.63,3,Not manually proofread
684,2,148,243,88.54,7,Not manually proofread
685,2,149,301,93.6,5,Not manually proofread
686,2,150,228,90.35,4,Not manually proofread
687,2,151,324,93.66,8,Not manually proofread
688,2,152,258,90.6,5,Not manually proofread
689,2,153,300,94.74,1,Not manually proofread
690,2,154,250,88.6,11,Not manually proofread
691,2,155,289,94.47,1,Not manually proofread
692,2,156,238,89.42,9,Not manually proofread
693,2,157,288,93.64,2,Not manually proofread
694,2,158,208,88.7,9,Not manually proofread
695,2,159,218,92.53,6,Not manually proofread
696,2,160,254,89.92,8,Not manually proofread
697,2,161,296,95.01,0,Not manually proofread
698,2,162,187,90.54,1,Not manually proofread
699,2,163,323,95.07,2,Not manually proofread
700,2,164,239,92.05,0,Not manually proofread
701,2,165,300,95.16,2,Not manually proofread
702,2,166,207,88.71,5,Not manually proofread
703,2,167,312,94.92,3,Not manually proofread
704,2,168,241,90.14,4,Not manually proofread
705,2,169,312,92.59,9,Not manually proofread
706,2,170,208,89.99,2,Not manually proofread
707,2,171,329,93.96,7,Not manually proofread
708,2,172,205,85.65,15,Not manually proofread
709,2,173,282,95.1,1,Not manually proofread
710,2,174,239,87.84,10,Not manually proofread
711,2,175,329,94.39,2,Not manually proofread
712,2,176,244,91.06,4,Not manually proofread
713,2,177,336,94.01,5,Not manually proofread
714,2,178,216,84.51,15,Not manually proofread
715,2,179,307,92.17,12,Not manually proofread
716,2,180,211,90.28,6,Not manually proofread
717,2,181,312,94.83,3,Not manually proofread
718,2,182,230,89.47,6,Not manually proofread
719,2,183,324,96.0,0,Not manually proofread
720,2,184,223,88.81,7,Not manually proofread
721,2,185,309,95.07,4,Not manually proofread
722,2,186,51,93.02,0,Not manually proofread
723,2,187,96,90.57,5,Not manually proofread
724,2,188,0,,0,Not manually proofread
725,2,189,6,93.05,0,Not manually proofread
726,2,190,183,89.31,5,Not manually proofread
727,2,191,230,94.65,1,Not manually proofread
728,2,192,213,89.45,6,Not manually proofread
729,2,193,313,94.06,7,Not manually proofread
730,2,194,232,90.1,2,Not manually proofread
731,2,195,295,93.01,5,Not manually proofread
732,2,196,195,85.27,8,Not manually proofread
733,2,197,311,94.45,3,Not manually proofread
734,2,198,243,90.57,4,Not manually proofread
735,2,199,297,94.93,1,Not manually proofread
736,2,200,198,88.28,10,Not manually proofread
737,2,201,264,94.44,3,Not manually proofread
738,2,202,264,90.13,8,Not manually proofread
739,2,203,330,94.1,5,Not manually proofread
740,2,204,194,89.23,8,Not manually proofread
741,2,205,324,93.3,8,Not manually proofread
742,2,206,252,88.38,15,Not manually proofread
743,2,207,314,94.66,4,Not manually proofread
744,2,208,180,91.33,0,Not manually proofread
745,2,209,304,94.42,4,Not manually proofread
746,2,210,240,90.93,4,Not manually proofread
747,2,211,291,94.0,6,Not manually proofread
748,2,212,241,89.92,7,Not manually proofread
749,2,213,278,93.14,8,Not manually proofread
750,2,214,231,92.11,2,Not manually proofread
751,2,215,306,94.51,4,Not manually proofread
752,2,216,221,90.03,1,Not manually proofread
753,2,217,297,94.25,5,Not manually proofread
754,2,218,227,91.69,3,Not manually proofread
755,2,219,313,95.08,3,Not manually proofread
756,2,220,169,91.15,2,Not manually proofread
757,2,221,305,95.19,2,Not manually proofread
758,2,222,235,86.63,11,Not manually proofread
759,2,223,297,94.62,4,Not manually proofread
760,2,224,233,89.45,5,Not manually proofread
761,2,225,306,94.66,3,Not manually proofread
762,2,226,170,90.11,5,Not manually proofread
763,2,227,235,93.39,5,Not manually proofread
764,2,228,219,91.73,1,Not manually proofread
765,2,229,301,94.22,2,Not manually proofread
766,2,230,212,90.82,4,Not manually proofread
767,2,231,279,94.39,5,Not manually proofread
768,2,232,188,92.43,0,Not manually proofread
769,2,233,308,95.51,1,Not manually proofread
770,2,234,241,89.64,8,Not manually proofread
771,2,235,322,93.94,9,Not manually proofread
772,2,236,204,86.45,9,Not manually proofread
773,2,237,320,95.5,0,Not manually proofread
774,2,238,264,87.82,15,Not manually proofread
775,2,239,317,94.28,5,Not manually proofread
776,2,240,257,91.61,2,Not manually proofread
777,2,241,302,94.94,1,Not manually proofread
778,2,242,185,91.5,1,Not manually proofread
779,2,243,317,95.72,1,Not manually proofread
780,2,244,204,90.54,1,Not manually proofread
781,2,245,312,95.91,0,Not manually proofread
782,2,246,165,90.03,4,Not manually proofread
783,2,247,271,95.82,0,Not manually proofread
784,2,248,178,90.64,5,Not manually proofread
785,2,249,294,95.6,1,Not manually proofread
786,2,250,181,91.29,2,Not manually proofread
787,2,251,310,94.73,2,Not manually proofread
788,2,252,215,90.86,4,Not manually proofread
789,2,253,311,95.42,0,Not manually proofread
790,2,254,195,88.42,8,Not manually proofread
791,2,255,289,95.64,1,Not manually proofread
792,2,256,208,89.64,5,Not manually proofread
793,2,257,323,94.65,4,Not manually proofread
794,2,258,236,89.76,8,Not manually proofread
795,2,259,309,95.34,2,Not manually proofread
796,2,260,209,90.68,1,Not manually proofread
797,2,261,313,94.69,3,Not manually proofread
798,2,262,197,90.73,3,Not manually proofread
799,2,263,300,95.86,0,Not manually proofread
800,2,264,217,91.25,2,Not manually proofread
801,2,265,312,95.08,1,Not manually proofread
802,2,266,219,89.47,8,Not manually proofread
803,2,267,298,95.11,3,Not manually proofread
804,2,268,252,90.41,2,Not manually proofread
805,2,269,315,95.5,1,Not manually proofread
806,2,270,208,90.98,4,Not manually proofread
807,2,271,308,95.3,0,Not manually proofread
808,2,272,201,90.95,3,Not manually proofread
809,2,273,304,94.6,4,Not manually proofread
810,2,274,183,91.67,2,Not manually proofread
811,2,275,319,95.92,0,Not manually proofread
812,2,276,130,89.63,5,Not manually proofread
813,2,277,199,94.39,3,Not manually proofread
814,2,278,3,96.66,0,Not manually proofread
815,2,279,9,89.63,0,Not manually proofread
816,2,280,134,86.1,9,Not manually proofread
817,2,281,197,93.96,4,Not manually proofread
818,2,282,243,85.48,16,Not manually proofread
819,2,283,306,93.9,3,Not manually proofread
820,2,284,252,88.05,9,Not manually proofread
821,2,285,300,93.8,6,Not manually proofread
822,2,286,260,91.74,1,Not manually proofread
823,2,287,301,94.52,4,Not manually proofread
824,2,288,194,89.67,4,Not manually proofread
825,2,289,308,94.81,3,Not manually proofread
826,2,290,180,90.55,2,Not manually proofread
827,2,291,299,95.52,1,Not manually proofread
828,2,292,201,90.94,4,Not manually proofread
829,2,293,304,95.37,1,Not manually proofread
830,2,294,187,90.3,2,Not manually proofread
831,2,295,306,95.45,2,Not manually proofread
832,2,296,237,89.89,5,Not manually proofread
833,2,297,296,94.74,2,Not manually proofread
834,2,298,173,90.22,0,Not manually proofread
835,2,299,300,95.46,1,Not manually proofread
836,2,300,234,89.7,4,Not manually proofread
837,2,301,307,95.03,2,Not manually proofread
838,2,302,199,91.37,3,Not manually proofread
839,2,303,296,94.38,4,Not manually proofread
840,2,304,226,88.87,7,Not manually proofread
841,2,305,303,94.55,5,Not manually proofread
842,2,306,247,89.49,5,Not manually proofread
843,2,307,304,95.0,2,Not manually proofread
844,2,308,244,89.52,5,Not manually proofread
845,2,309,311,95.09,1,Not manually proofread
846,2,310,233,87.18,8,Not manually proofread
847,2,311,289,94.66,3,Not manually proofread
848,2,312,227,88.64,6,Not manually proofread
849,2,313,297,93.98,3,Not manually proofread
850,2,314,246,89.2,6,Selected notes/wording checked
851,2,315,320,95.29,1,Selected notes/wording checked
852,2,316,203,80.77,26,Selected notes/wording checked
853,2,317,252,93.3,4,Selected notes/wording checked
854,2,318,246,90.11,9,Selected notes/wording checked
855,2,319,321,94.64,3,Selected notes/wording checked
856,2,320,167,90.62,6,Selected notes/wording checked
857,2,321,275,92.91,6,Selected notes/wording checked
858,2,322,224,89.99,8,Selected notes/wording checked
859,2,323,302,94.72,2,Selected notes/wording checked
860,2,324,225,88.53,9,Selected notes/wording checked
861,2,325,303,94.96,1,Selected notes/wording checked
862,2,326,208,90.99,2,Selected notes/wording checked
863,2,327,318,94.51,5,Selected notes/wording checked
864,2,328,188,90.05,5,Not manually proofread
865,2,329,301,95.79,0,Selected notes/wording checked
866,2,330,228,90.12,5,Selected notes/wording checked
867,2,331,296,95.02,3,Selected notes/wording checked
868,2,332,245,91.06,5,Selected notes/wording checked
869,2,333,306,94.33,5,Selected notes/wording checked
870,2,334,225,92.0,2,Selected notes/wording checked
871,2,335,317,95.7,1,Selected notes/wording checked
872,2,336,221,91.33,3,Selected notes/wording checked
873,2,337,332,95.19,1,Selected notes/wording checked
874,2,338,177,90.8,2,Selected notes/wording checked
875,2,339,285,93.0,7,Selected notes/wording checked
876,2,340,218,89.46,8,Not manually proofread
877,2,341,312,94.94,3,Not manually proofread
878,2,342,268,89.36,8,Not manually proofread
879,2,343,294,94.91,4,Not manually proofread
880,2,344,225,87.74,10,Not manually proofread
881,2,345,289,95.68,0,Not manually proofread
882,2,346,201,90.21,2,Not manually proofread
883,2,347,298,93.35,6,Not manually proofread
884,2,348,235,88.43,9,Not manually proofread
885,2,349,298,95.3,1,Not manually proofread
886,2,350,229,91.52,2,Not manually proofread
887,2,351,295,93.75,5,Not manually proofread
888,2,352,244,90.52,5,Not manually proofread
889,2,353,295,93.72,6,Not manually proofread
890,2,354,225,88.99,7,Not manually proofread
891,2,355,297,93.8,7,Not manually proofread
892,2,356,186,88.3,7,Not manually proofread
893,2,357,293,95.63,0,Not manually proofread
894,2,358,231,90.85,3,Not manually proofread
895,2,359,318,94.6,3,Not manually proofread
896,2,360,242,85.58,16,Not manually proofread
897,2,361,292,93.65,2,Not manually proofread
898,2,362,217,86.32,12,Not manually proofread
899,2,363,292,94.71,3,Not manually proofread
900,2,364,228,89.89,7,Not manually proofread
901,2,365,326,95.58,2,Not manually proofread
902,2,366,229,88.44,9,Not manually proofread
903,2,367,301,92.56,6,Not manually proofread
904,2,368,220,88.95,9,Not manually proofread
905,2,369,317,94.84,2,Not manually proofread
906,2,370,246,87.2,14,Not manually proofread
907,2,371,274,93.19,8,Not manually proofread
908,2,372,238,87.25,16,Not manually proofread
909,2,373,297,95.62,0,Not manually proofread
910,2,374,186,92.5,1,Not manually proofread
911,2,375,289,95.29,1,Not manually proofread
912,2,376,191,90.71,4,Not manually proofread
913,2,377,299,95.22,2,Not manually proofread
914,2,378,231,87.05,12,Not manually proofread
915,2,379,295,95.09,2,Not manually proofread
916,2,380,252,90.75,2,Not manually proofread
917,2,381,299,94.82,2,Not manually proofread
918,2,382,198,89.86,4,Not manually proofread
919,2,383,291,94.78,1,Not manually proofread
920,2,384,198,88.68,8,Not manually proofread
921,2,385,259,93.24,5,Not manually proofread
922,2,386,3,14.47,3,Not manually proofread
923,2,387,9,91.97,0,Not manually proofread
924,2,388,224,92.58,5,Not manually proofread
925,2,389,273,93.64,5,Not manually proofread
926,2,390,288,94.35,3,Not manually proofread
927,2,391,293,92.71,7,Not manually proofread
928,2,392,263,95.29,0,Not manually proofread
929,2,393,53,93.98,1,Not manually proofread
930,2,394,196,93.99,1,Not manually proofread
931,2,395,184,88.41,8,Not manually proofread
932,2,396,192,89.28,4,Not manually proofread
933,2,397,253,94.65,1,Not manually proofread
934,2,398,240,87.32,11,Not manually proofread
935,2,399,281,95.2,0,Not manually proofread
936,2,400,254,90.1,11,Not manually proofread
937,2,401,289,91.3,12,Not manually proofread
938,2,402,231,86.72,13,Not manually proofread
939,2,403,302,93.04,8,Not manually proofread
940,2,404,229,87.53,12,Not manually proofread
941,2,405,287,94.84,2,Not manually proofread
942,2,406,244,90.29,1,Not manually proofread
943,2,407,299,93.7,7,Not manually proofread
944,2,408,254,88.96,7,Not manually proofread
945,2,409,305,94.29,4,Not manually proofread
946,2,410,263,88.61,7,Not manually proofread
947,2,411,277,92.34,6,Not manually proofread
948,2,412,266,89.71,7,Not manually proofread
949,2,413,319,93.5,4,Not manually proofread
950,2,414,203,87.7,9,Not manually proofread
951,2,415,254,91.87,7,Not manually proofread
952,2,416,202,90.15,6,Not manually proofread
953,2,417,294,93.3,6,Not manually proofread
954,2,418,263,89.09,9,Not manually proofread
955,2,419,311,93.46,5,Not manually proofread
956,2,420,208,87.91,8,Not manually proofread
957,2,421,294,94.49,2,Not manually proofread
958,2,422,258,88.17,15,Not manually proofread
959,2,423,295,93.66,3,Not manually proofread
960,2,424,203,89.55,2,Not manually proofread
961,2,425,273,93.77,3,Not manually proofread
962,2,426,203,89.91,3,Not manually proofread
963,2,427,273,92.53,9,Not manually proofread
964,2,428,264,88.23,10,Not manually proofread
965,2,429,282,93.24,5,Not manually proofread
966,2,430,212,88.5,6,Not manually proofread
967,2,431,309,95.55,1,Not manually proofread
968,2,432,33,91.08,0,Not manually proofread
969,2,433,62,91.8,3,Not manually proofread
970,2,434,198,87.91,5,Not manually proofread
971,2,435,240,92.78,7,Not manually proofread
972,2,436,199,90.47,5,Not manually proofread
973,2,437,300,94.7,3,Not manually proofread
974,2,438,225,89.5,5,Not manually proofread
975,2,439,277,93.84,5,Not manually proofread
976,2,440,247,88.41,10,Not manually proofread
977,2,441,262,93.73,3,Not manually proofread
978,2,442,258,86.15,17,Not manually proofread
979,2,443,315,93.82,4,Not manually proofread
980,2,444,253,88.03,12,Not manually proofread
981,2,445,312,93.61,4,Not manually proofread
982,2,446,221,91.32,3,Not manually proofread
983,2,447,309,92.97,6,Not manually proofread
984,2,448,36,91.38,1,Not manually proofread
985,2,449,50,94.48,0,Not manually proofread
986,2,450,191,90.08,5,Not manually proofread
987,2,451,179,88.72,10,Not manually proofread
988,2,452,161,85.86,13,Not manually proofread
989,2,453,205,93.89,4,Not manually proofread
990,2,454,247,85.03,17,Not manually proofread
991,2,455,304,90.96,13,Not manually proofread
992,2,456,233,90.09,7,Not manually proofread
993,2,457,273,93.11,5,Not manually proofread
994,2,458,240,88.95,6,Not manually proofread
995,2,459,278,93.48,7,Not manually proofread
996,2,460,238,86.95,12,Not manually proofread
997,2,461,261,93.36,5,Not manually proofread
998,2,462,152,89.97,3,Not manually proofread
999,2,463,174,92.05,4,Not manually proofread
1000,2,464,188,87.43,9,Not manually proofread
1001,2,465,280,93.92,5,Not manually proofread
1002,2,466,235,86.84,15,Not manually proofread
1003,2,467,303,94.38,3,Not manually proofread
1004,2,468,205,82.73,16,Not manually proofread
1005,2,469,265,93.62,3,Not manually proofread
1006,2,470,168,88.57,6,Not manually proofread
1007,2,471,282,94.59,3,Not manually proofread
1008,2,472,219,87.1,11,Not manually proofread
1009,2,473,295,94.5,2,Not manually proofread
1010,2,474,212,88.67,5,Not manually proofread
1011,2,475,314,94.02,5,Not manually proofread
1012,2,476,175,90.51,2,Not manually proofread
1013,2,477,255,93.14,7,Not manually proofread
1014,2,478,239,90.16,7,Not manually proofread
1015,2,479,259,94.21,4,Not manually proofread
1016,2,480,186,85.78,11,Not manually proofread
1017,2,481,248,89.3,11,Not manually proofread
1018,2,482,40,89.81,2,Not manually proofread
1019,2,483,61,95.59,0,Not manually proofread
1020,2,484,190,85.43,11,Not manually proofread
1021,2,485,241,93.26,5,Not manually proofread
1022,2,486,276,90.12,5,Not manually proofread
1023,2,487,336,93.14,7,Not manually proofread
1024,2,488,255,88.46,8,Not manually proofread
1025,2,489,319,94.68,3,Not manually proofread
1026,2,490,91,84.97,7,Not manually proofread
1027,2,491,112,93.43,1,Not manually proofread
1028,2,492,107,88.25,4,Not manually proofread
1029,2,493,188,88.02,15,Not manually proofread
1030,2,494,182,89.25,6,Not manually proofread
1031,2,495,230,93.25,4,Not manually proofread
1032,2,496,212,89.52,5,Not manually proofread
1033,2,497,292,93.11,7,Not manually proofread
1034,2,498,191,90.56,1,Not manually proofread
1035,2,499,274,92.6,7,Not manually proofread
1036,2,500,186,84.7,16,Not manually proofread
1037,2,501,262,91.37,9,Not manually proofread
1038,2,502,172,90.12,2,Not manually proofread
1039,2,503,249,92.41,9,Not manually proofread
1040,2,504,154,85.08,9,Not manually proofread
1041,2,505,204,92.39,4,Not manually proofread
1042,2,506,187,84.36,13,Not manually proofread
1043,2,507,218,93.29,2,Not manually proofread
1044,2,508,0,,0,Not manually proofread
1045,2,509,1,96.53,0,Not manually proofread
1046,2,510,5,33.87,4,Not manually proofread
1047,2,511,447,79.38,64,Not manually proofread
1048,2,512,561,81.58,61,Not manually proofread
1049,2,513,528,81.36,61,Not manually proofread
1050,2,514,522,82.94,41,Not manually proofread
1051,2,515,527,82.45,58,Not manually proofread
1052,2,516,541,81.08,58,Not manually proofread
1053,2,517,481,80.27,58,Not manually proofread
1054,2,518,526,80.75,61,Not manually proofread
1055,2,519,500,80.52,58,Not manually proofread
1056,2,520,545,79.39,72,Not manually proofread
1057,2,521,464,86.28,33,Not manually proofread
1058,2,522,447,78.87,63,Not manually proofread
1059,2,523,508,80.94,62,Not manually proofread
1060,2,524,535,82.8,48,Not manually proofread
1061,2,525,515,78.95,72,Not manually proofread
1062,2,526,481,81.78,55,Not manually proofread
1063,2,527,495,82.72,52,Not manually proofread
1064,2,528,369,78.73,52,Not manually proofread
1065,2,529,485,81.86,55,Not manually proofread
1066,2,530,562,75.19,94,Not manually proofread
1067,2,531,574,81.46,65,Not manually proofread
1068,2,532,534,81.27,63,Not manually proofread
1069,2,533,452,78.5,65,Not manually proofread
1070,2,534,533,79.77,75,Not manually proofread
1071,2,535,526,87.18,27,Not manually proofread
1072,2,536,506,82.62,53,Not manually proofread
1073,2,537,471,83.53,43,Not manually proofread
1074,2,538,545,85.86,34,Not manually proofread
1075,2,539,556,84.12,47,Not manually proofread
1076,2,540,500,81.1,63,Not manually proofread
1077,2,541,452,80.65,57,Not manually proofread
1078,2,542,528,83.91,45,Not manually proofread
1079,2,543,501,85.32,37,Not manually proofread
1080,2,544,413,80.34,52,Not manually proofread
1081,2,545,530,83.65,52,Not manually proofread
1082,2,546,524,77.16,75,Not manually proofread
1083,2,547,560,84.96,39,Not manually proofread
1084,2,548,544,83.72,44,Not manually proofread
1085,2,549,538,84.0,40,Not manually proofread
1086,2,550,547,86.44,34,Not manually proofread
1087,2,551,562,80.79,67,Not manually proofread
1088,2,552,530,82.37,50,Not manually proofread
1089,2,553,543,82.29,48,Not manually proofread
1090,2,554,520,77.74,84,Not manually proofread
1091,2,555,510,79.7,58,Not manually proofread
1092,2,,93,89.02,6,Not manually proofread
1093,2,,3,95.94,0,Not manually proofread
1094,2,,3,96.67,0,Selected notes/wording checked
