file,note_index,xml_line,reference,xml_page,kind_or_comparison,xml_note,source_volume,source_page,source_sequence,matching_score,source_excerpt,source_before_excerpt,xml_anchor_left,xml_anchor_right,ocr_anchor_gaps,anchor_status,source_url,review_id,legacy_resp,author_attribution_status,source_match_caution,edition_page_link,review_status,reviewer,decision,verified_anchor,evidence,prior_review_status,comparison_excerpt_witness,pdf_decision_id,pdf_body_page,pdf_note_pages,verified_reference_1914,verified_marker_1914
suet.aug.rolfe_eng1.xml,101,813,73.1,,wording-review,Opposed to vestis frensis or forensia (vestimenta); cf. Vit. viii. 1.,1,238,276,0.9091,"Opposed to vestis forensis or forensia (vestimenta); cf. Vit.
viii. 1","cus; acromata, mss. (cromata, M¹).
▲ ludios, Beroaldus; ludos, mss.
a ",bed except on special occasions he wore common clothes for the house,made by his sister wife daughter or granddaughters his togas were neither,"', '",no-marker-in-ocr,https://babel.hathitrust.org/cgi/pt?id=uc1.32106005388886&seq=276,L03-N0101,,No explicit resp in legacy XML,Candidate OCR match only; excerpt may be clipped. Verify the complete source page.,,Verified in 1914 PDF,Codex,"Misplaced in legacy XML: printed marker is after “house,” in “common clothes for the house,” not after “clothing to wear in public”.","house,",Direct visual inspection of the 1914 PDF; see P011,Unreviewed,1970 Hathi OCR from earlier audit,P011,269,268,73.1,a
suet.aug.rolfe_eng1.xml,102,819,74.1,,word-match,"The cena recta was a regular dinner, at which the guests reclined on couches at a table, contrasted with sportula, an informal meal (Claud. xxi. 4) or a distribution of food. See Friedländer, Roman Life and Manners (Eng. trans.), IV. pp. 77 ff.",1,238,276,1.0,"The cena recta was a regular dinner, at which the guests
reclined on couches at a table, contrasted with sportula, an informal meal (Claud. xxi. 4) or a distribution of food. See Friedländer, Roman Life and Manners (Eng. trans.), IV. pp. 77 ff","pposed to vestis forensis or forensia (vestimenta); cf. Vit.
viii. 1.
",and unexpected occasions lxxiv he gave dinner parties constantly and always formally,with great regard to the rank and personality of his guests valerius,"', '",no-marker-in-ocr,https://babel.hathitrust.org/cgi/pt?id=uc1.32106005388886&seq=276,L03-N0102,,No explicit resp in legacy XML,Candidate OCR match only; excerpt may be clipped. Verify the complete source page.,,Verified in 1914 PDF,Codex,Printed marker and corresponding note visually verified in the 1914 PDF.,"formally,",Direct visual inspection of the 1914 PDF; see P012,Unreviewed,1970 Hathi OCR from earlier audit,P012,269,268,74.1,b
suet.aug.rolfe_eng1.xml,103,819,74.1,,word-match,"Tellers of marvellous tales; cf. Juv. 15. 16, and Mayor ad loc. Doubtless the same as the fabulatores, lxxviii. 2, below.",1,239,277,1.0,"Tellers of marvellous tales; cf. Juv. 15. 16, and Mayor
ad loc. Doubtless the same as the fabulatores, lxxviii. 2,
below","from the circus, and especially story-tellers.d
• See chap. lxxii. 2.
",actors or even strolling players from the circus and especially story tellers,lxxv festivals and holidays he celebrated lavishly as a rule but sometimes,,unresolved,https://babel.hathitrust.org/cgi/pt?id=uc1.32106005388886&seq=277,L03-N0103,,No explicit resp in legacy XML,Candidate OCR match only; excerpt may be clipped. Verify the complete source page.,,Verified in 1914 PDF,Codex,Printed marker and corresponding note visually verified in the 1914 PDF.,story-tellers.,Direct visual inspection of the 1914 PDF; see P014,Unreviewed,1970 Hathi OCR from earlier audit,P014,269,269,74.2,d
suetonius.aug.loeb_eng1.xml,119,831,73.1,239,word-match,Opposed to vestis forensis or forensia (vestimenta); cf. Vit. viii. 1.,1,238,276,1.0,"Opposed to vestis forensis or forensia (vestimenta); cf. Vit.
viii. 1","cus; acromata, mss. (cromata, M¹).
▲ ludios, Beroaldus; ludos, mss.
a ",was but he always kept shoes and clothing to wear in public,ready in his room for sudden and unexpected occasions he gave dinner,' ',no-marker-in-ocr,https://babel.hathitrust.org/cgi/pt?id=uc1.32106005388886&seq=276,L07-N0119,editor,Generic editor; no personal name asserted,Candidate OCR match only; excerpt may be clipped. Verify the complete source page.,,Verified in 1914 PDF,Codex,"Misplaced in legacy XML: printed marker is after “house,” in “common clothes for the house,” not after “clothing to wear in public”.","house,",Direct visual inspection of the 1914 PDF; see P011,Unreviewed,1970 Hathi OCR from earlier audit,P011,269,268,73.1,a
suetonius.aug.loeb_eng1.xml,120,837,74.1,239,word-match,"The cena recta was a regular dinner, at which the guests reclined on couches at a table, contrasted with sportula, an informal meal (Claud. xxi. 4) or a distribution of food. See Friedländer, Roman Life and Manners (Eng. trans.), IV. pp. 77 ff.",1,238,276,1.0,"The cena recta was a regular dinner, at which the guests
reclined on couches at a table, contrasted with sportula, an informal meal (Claud. xxi. 4) or a distribution of food. See Friedländer, Roman Life and Manners (Eng. trans.), IV. pp. 77 ff","pposed to vestis forensis or forensia (vestimenta); cf. Vit.
viii. 1.
",sudden and unexpected occasions he gave dinner parties constantly and always formally,with great regard to the rank and personality of his guests valerius,"', '",no-marker-in-ocr,https://babel.hathitrust.org/cgi/pt?id=uc1.32106005388886&seq=276,L07-N0120,editor,Generic editor; no personal name asserted,Candidate OCR match only; excerpt may be clipped. Verify the complete source page.,,Verified in 1914 PDF,Codex,Printed marker and corresponding note visually verified in the 1914 PDF.,"formally,",Direct visual inspection of the 1914 PDF; see P012,Unreviewed,1970 Hathi OCR from earlier audit,P012,269,268,74.1,b
suetonius.aug.loeb_eng1.xml,121,840,74.2,239,word-match,"Tellers of marvellous tales; cf. Juv. 15. 16, and Mayor ad loc. Doubtless the same as the fabulatores, lxxviii. 2, below.",1,239,277,1.0,"Tellers of marvellous tales; cf. Juv. 15. 16, and Mayor
ad loc. Doubtless the same as the fabulatores, lxxviii. 2,
below","from the circus, and especially story-tellers.d
• See chap. lxxii. 2.
",actors or even strolling players from the circus and especially story tellers,festivals and holidays he celebrated lavishly as a rule but sometimes only,,unresolved,https://babel.hathitrust.org/cgi/pt?id=uc1.32106005388886&seq=277,L07-N0121,editor,Generic editor; no personal name asserted,Candidate OCR match only; excerpt may be clipped. Verify the complete source page.,,Verified in 1914 PDF,Codex,Printed marker and corresponding note visually verified in the 1914 PDF.,story-tellers.,Direct visual inspection of the 1914 PDF; see P014,Unreviewed,1970 Hathi OCR from earlier audit,P014,269,269,74.2,d
suetonius.cal.loeb_eng1.xml,32,253,18.3,431,word-match,"Africanae, supply bestiae and see Index.",1,430,468,1.0,"Africanae, supply bestiae and see Index"," the other mss. omit aggere.
• To be scrambled for by the spectators.
",morning until evening introducing between the races now a baiting of panthers,and now the manœuvres of the game called troy some too of,' ',no-marker-in-ocr,https://babel.hathitrust.org/cgi/pt?id=uc1.32106005388886&seq=468,L08-N0032,editor,Generic editor; no personal name asserted,Candidate OCR match only; excerpt may be clipped. Verify the complete source page.,,Verified in 1914 PDF,Codex,Printed marker and corresponding note visually verified in the 1914 PDF.,panthers,Direct visual inspection of the 1914 PDF; see P032,Unreviewed,1970 Hathi OCR from earlier audit,P032,461,460,18.3,b
suetonius.cal.loeb_eng1.xml,33,253,18.3,431,wording-review,"On the houses adjoining the Circus; called Maeniana after a certain Maenius, who was supposed to have been the first to build such balconies.",1,431,469,0.8333,"after a certain Maenius, who was supposed to have been the
first to build such balconies","ge he rode back
and forth for two successive days, the first day on a
",hand when a few people called for them from the neighbouring balconies,as he was inspecting the outfit of the circus from the gelotian,"', '",no-marker-in-ocr,https://babel.hathitrust.org/cgi/pt?id=uc1.32106005388886&seq=469,L08-N0033,editor,Generic editor; no personal name asserted,Candidate OCR match only; excerpt may be clipped. Verify the complete source page.,,Verified in 1914 PDF,Codex,Printed marker and corresponding note visually verified in the 1914 PDF.,"balconies,",Direct visual inspection of the 1914 PDF; see P033,Unreviewed,1970 Hathi OCR from earlier audit,P033,461,460;461,18.3,c
suetonius.cal.loeb_eng1.xml,34,259,19.1,431,word-match,Over three and a half Roman miles.,1,431,469,1.0,Over three and a half Roman miles,"ius, who was supposed to have been the
first to build such balconies.
",the mole at puteoli a distance of about thirty six hundred paces,by bringing together merchant ships from all sides and anchoring them in,"',d '",letter-marker-at-anchor,https://babel.hathitrust.org/cgi/pt?id=uc1.32106005388886&seq=469,L08-N0034,editor,Generic editor; no personal name asserted,Candidate OCR match only; excerpt may be clipped. Verify the complete source page.,,Verified in 1914 PDF,Codex,Printed marker and corresponding note visually verified in the 1914 PDF.,"paces,",Direct visual inspection of the 1914 PDF; see P034,Unreviewed,1970 Hathi OCR from earlier audit,P034,461,461,19.1,d
suetonius.cal.loeb_eng1.xml,82,584,50.2,481,word-match,See Jul. xlv. 1.,1,480,518,1.0,See Jul. xlv. 1,"tis vigiliae cubandique taedio nunc toro residens,
• Cf. chap. iii. L
",nor mind as a boy he was troubled with the falling sickness,and while in his youth he had some endurance yet at times,"',\n'",no-marker-in-ocr,https://babel.hathitrust.org/cgi/pt?id=uc1.32106005388886&seq=518,L08-N0082,editor,Generic editor; no personal name asserted,Candidate OCR match only; excerpt may be clipped. Verify the complete source page.,,Verified in 1914 PDF,Codex,Printed marker and corresponding note visually verified in the 1914 PDF.,"falling sickness,",Direct visual inspection of the 1914 PDF; see P036,Unreviewed,1970 Hathi OCR from earlier audit,P036,511,510,50.2,b
suetonius.cal.loeb_eng1.xml,83,584,50.2,481,wording-review,Cf. chap. iii. 1.,1,480,518,1.0,Cf. chap. iii,"e magna parte
noctis vigiliae cubandique taedio nunc toro residens,
• ",and thought at times of going into retirement and clearing his brain,it is thought that his wife caesonia gave him a drug intended,'. ',no-marker-in-ocr,https://babel.hathitrust.org/cgi/pt?id=uc1.32106005388886&seq=518,L08-N0083,editor,Generic editor; no personal name asserted,Candidate OCR match only; excerpt may be clipped. Verify the complete source page.,,Verified in 1914 PDF,Codex,Legacy XML assigns the note to 50.2; the PDF marker is after “very thin neck and legs.” in 50.1.,legs.,Direct visual inspection of the 1914 PDF; see P035,Unreviewed,1970 Hathi OCR from earlier audit,P035,511,510,50.1,a
suetonius.cal.loeb_eng1.xml,102,665,58.2,495,word-match,"Part of the ritual at a sacrifice. The slayer raised his axe with the question ""Agone?"" ""Shall I do the deed (i.e., strike)?"" To which the priest replied ""Hoc age."" Cf. Galba, xx. 1, ut hoc agerent ac ferirent. Chaerea addressed himself.",1,494,532,1.0,"Part of the ritual at a sacrifice. The slayer raised his
axe with the question ""Agone?"" ""Shall I do the deed (i.e.,
strike)?"" To which the priest replied ""Hoc age."" Cf. Galba,
xx. 1, ut hoc agerent ac ferirent. Chaerea addressed himself"," sorores ab exsilio reversas erutum et crematum
1 viii, Xr; vii, G.
• ",a deep cut in the neck having first cried do your duty,and that then the tribune cornelius sabinus who was the other conspirator,,unresolved,https://babel.hathitrust.org/cgi/pt?id=uc1.32106005388886&seq=532,L08-N0102,editor,Generic editor; no personal name asserted,Candidate OCR match only; excerpt may be clipped. Verify the complete source page.,,Verified in 1914 PDF,Codex,"The printed 1914 wording is “Do your duty,”; marker follows the closing quotation.","Do your duty,",Direct visual inspection of the 1914 PDF; see P037,Unreviewed,1970 Hathi OCR from earlier audit,P037,525,524,58.2,a
suetonius.cal.loeb_eng1.xml,103,668,58.3,495,word-match,"Another formula ""Receive the fulfilment of your omen"" i.e., in naming Jupiter, the god of the thunderbolt and sudden death.",1,494,532,1.0,"Another formula ""Receive the fulfilment of your omen"",
i.e., in naming Jupiter, the god of the thunderbolt and sudden
death","alba,
xx. 1, ut hoc agerent ac ferirent. Chaerea addressed himself.
• ",and that when gaius gave him jupiter he cried so be it,and as gaius looked around he split his jawbone with a blow,,unresolved,https://babel.hathitrust.org/cgi/pt?id=uc1.32106005388886&seq=532,L08-N0103,editor,Generic editor; no personal name asserted,Candidate OCR match only; excerpt may be clipped. Verify the complete source page.,,Verified in 1914 PDF,Codex,"Legacy XML section is 58.3; the printed marker follows the “So be it,” quotation within the second assassination account in 58.2.","So be it,",Direct visual inspection of the 1914 PDF; see P038,Unreviewed,1970 Hathi OCR from earlier audit,P038,525,524,58.2,b
suetonius.cal.loeb_eng1.xml,104,668,58.3,495,word-match,With which they carried his litter.,1,494,532,1.0,With which they carried his litter,": hoc est
aliquid Latine dicere, cum alterum nihil sit,"" Gronovius.
• ",of the disturbance his bearers ran to his aid with their poles,and presently the germans of his body guard and they slew several,"', '",no-marker-in-ocr,https://babel.hathitrust.org/cgi/pt?id=uc1.32106005388886&seq=532,L08-N0104,editor,Generic editor; no personal name asserted,Candidate OCR match only; excerpt may be clipped. Verify the complete source page.,,Verified in 1914 PDF,Codex,Printed marker and corresponding note visually verified in the 1914 PDF.,"poles,",Direct visual inspection of the 1914 PDF; see P039,Unreviewed,1970 Hathi OCR from earlier audit,P039,525,524,58.3,c
suetonius.dom.loeb_eng1.xml,2,88,1.1,339,wording-review,"Various quarters and streets of the city were designated in this way; cf. ad Capita Bubula, Aug. v.; ad Pirum, Mart. 1. 117. 6. Ad Malum Punicum was a street on the Quirinal hill, probably corresponding with the modern Via delle Quatro Fontane; see Platner, Topography of Rome, p. 485.",2,339,351,0.88,"in this way; cf. ad Capita Bubula, Aug. v. ; ad Pirum, Mart.
1. 117. 6. Ad Malum Punicum was a street on the Quirinal
hill, probably corresponding with the modern Via delle
Quatro Fontane; see Platner, Topography of Rome, p. 485","to have passed the
period of his boyhood and his early youth in great
",following month in a street of the sixth region called the pomegranate,in a house which he afterwards converted into a temple of the,"',"" b '",letter-marker-at-anchor,https://babel.hathitrust.org/cgi/pt?id=uc1.32106005389009&seq=351,L10-N0002,editor,Generic editor; no personal name asserted,Candidate OCR match only; excerpt may be clipped. Verify the complete source page.,,Verified in 1914 PDF,Codex,Continued note: starts below the Latin on p.338 and continues below English on p.339; marker follows closing quotation after Pomegranate.,"Pomegranate,",Direct visual inspection of the 1914 PDF; see P047,Unreviewed,1970 Hathi OCR from earlier audit,P047,875,874;875,1.1,b
suetonius.tib.loeb_eng1.xml,93,478,42.1,353,wording-review,See Index s. v. Biberius.,1,72,110,0.8,"see Index,
s.v","egardless of his rank.
• Apparently about two-thirds the usual price: ",of biberius instead of tiberius caldius for claudius and mero for nero,later when emperor and at the very time that he was busy,'. ',no-marker-in-ocr,https://babel.hathitrust.org/cgi/pt?id=uc1.32106005388886&seq=110,L14-N0093,editor,Generic editor; no personal name asserted,Candidate OCR match only; excerpt may be clipped. Verify the complete source page.,,Verified in 1914 PDF,Codex,Printed marker and corresponding note visually verified in the 1914 PDF.,Nero.,Direct visual inspection of the 1914 PDF; see P048,Unreviewed,1970 Hathi OCR from earlier audit,P048,383,382,42.1,a
suetonius.tib.loeb_eng1.xml,94,481,42.2,353,word-match,"Probably the emperor took a sip from the huge vessel and passed it to the man, who drained it to the dregs; cf. Verg. Aen. 1. 738. Since the amphora as a measure contained about seven gallons, the word is here probably used of a large tankard of that shape.",1,352,390,1.0,"Probably the emperor took a sip from the huge vessel and
passed it to the man, who drained it to the dregs; cf. Verg.
Aen. 1. 738. Since the amphora as a measure contained
about seven gallons, the word is here probably used of a
large tankard of that shape","oth; Sestio, 2. Gallo, V² (Torrentius).
• See Index 8. v. Biberius.
• ",at the emperor s challenge he had drained an amphora of wine,at a banquet he paid asellius sabinus two hundred thousand sesterces for,' ',no-marker-in-ocr,https://babel.hathitrust.org/cgi/pt?id=uc1.32106005388886&seq=390,L14-N0094,editor,Generic editor; no personal name asserted,Candidate OCR match only; excerpt may be clipped. Verify the complete source page.,,Verified in 1914 PDF,Codex,"Marker follows amphora, before “of wine”; legacy position is after the longer phrase.",amphora,Direct visual inspection of the 1914 PDF; see P049,Unreviewed,1970 Hathi OCR from earlier audit,P049,383,382,42.2,b
suetonius.tib.loeb_eng1.xml,97,518,47.1,359,word-match,Cf. Aug. xli. 1; Tac. Ann. 2. 37.,1,358,396,1.0,Cf. Aug. xli. 1; Tac. Ann. 2. 37,"mortem, ex morte
compendium captans. Ne provincias quidem liberali-
• ",very limited means had begotten four children with the encouragement of augustus,he showed generosity to the public in but two instances once when,"'.""\nXLVIII. '",intervening-text-unresolved,https://babel.hathitrust.org/cgi/pt?id=uc1.32106005388886&seq=396,L14-N0097,editor,Generic editor; no personal name asserted,Candidate OCR match only; excerpt may be clipped. Verify the complete source page.,,Verified in 1914 PDF,Codex,Confirms the attachment of the note retained separately with the inherited chapter 47 block.,Augustus.,Direct visual inspection of the 1914 PDF; see P051,Unreviewed,1970 Hathi OCR from earlier audit,P051,389,388,47.1,a
suetonius.tib.loeb_eng1.xml,98,524,48.1,359,word-match,"This occurred twice, in 27 and 36; see Tac. Ann. 4. 64 and 6. 45. The second fire was on and near the Aventine.",1,358,396,1.0,"This occurred twice, in 27 and 36; see Tac. Ann. 4. 64
and 6. 45. The second fire was on and near the Aventine"," Ne provincias quidem liberali-
• Cf. Aug. xli. 1; Tac. Ann. 2. 37.
• ",of blocks of houses on the caelian mount which had burned down,the former was forced upon him by the clamour of the people,'. ',no-marker-in-ocr,https://babel.hathitrust.org/cgi/pt?id=uc1.32106005388886&seq=396,L14-N0098,editor,Generic editor; no personal name asserted,Candidate OCR match only; excerpt may be clipped. Verify the complete source page.,,Verified in 1914 PDF,Codex,Printed marker and corresponding note visually verified in the 1914 PDF.,burned down.,Direct visual inspection of the 1914 PDF; see P052,Unreviewed,1970 Hathi OCR from earlier audit,P052,389,388,48.1,b
suetonius.tib.loeb_eng1.xml,99,524,48.1,359,word-match,The decree is quoted by Tac. Ann. 6. 17. The purpose was to put the money into circulation and at the same time to allow the debtors to pay in land.,1,358,396,1.0,"The decree is quoted by Tac. Ann. 6. 17. The purpose
was to put the money into circulation and at the same time
to allow the debtors to pay in land","Ann. 4. 64
and 6. 45. The second fire was on and near the Aventine.
• ",the debtors should at once pay the same proportion of their indebtedness,and the latter also was to relieve a condition of great hardship,'; ',no-marker-in-ocr,https://babel.hathitrust.org/cgi/pt?id=uc1.32106005388886&seq=396,L14-N0099,editor,Generic editor; no personal name asserted,Candidate OCR match only; excerpt may be clipped. Verify the complete source page.,,Verified in 1914 PDF,Codex,"Printed marker immediately follows “decree of the senate,”; not after the description of the debt repayment.","senate,",Direct visual inspection of the 1914 PDF; see P053,Unreviewed,1970 Hathi OCR from earlier audit,P053,389,388,48.1,c
suetonius.tib.loeb_eng1.xml,100,524,48.1,359,word-match,"According to Tacitus (Ann. 4. 64) this was done by the senate, because the statue of Tiberius remained uninjured in the midst of the burned district.",1,358,396,1.0,"According to Tacitus (Ann. 4. 64) this was done by the
senate, because the statue of Tiberius remained uninjured
in the midst of the burned district","rculation and at the same time
to allow the debtors to pay in land.
• ",he had the name of the caelian changed to the augustan mount,after he had doubled the legacies provided for in the will of,'. ',no-marker-in-ocr,https://babel.hathitrust.org/cgi/pt?id=uc1.32106005388886&seq=396,L14-N0100,editor,Generic editor; no personal name asserted,Candidate OCR match only; excerpt may be clipped. Verify the complete source page.,,Verified in 1914 PDF,Codex,Printed marker and corresponding note visually verified in the 1914 PDF.,Augustan Mount.,Direct visual inspection of the 1914 PDF; see P054,Unreviewed,1970 Hathi OCR from earlier audit,P054,389,388,48.1,d
suetonius.tib.loeb_eng1.xml,101,527,48.2,359,wording-review,"The standards had a sacred character; see, for example, Tac. Ann. 1. 39.7; and the head of the reigning emperor was often placed under the eagle or other emblem.",1,359,397,0.8,"Tac. Ann. 1. 39.7; and the head of the reigning emperor
was often placed under the eagle or other emblem"," money through their
death He did not relieve the provinces either by
",because they alone had consecrated no image of sejanus among their standards,he also very rarely allowed veteran soldiers their discharge having an eye,'. ',no-marker-in-ocr,https://babel.hathitrust.org/cgi/pt?id=uc1.32106005388886&seq=397,L14-N0101,editor,Generic editor; no personal name asserted,Candidate OCR match only; excerpt may be clipped. Verify the complete source page.,,Verified in 1914 PDF,Codex,Printed marker and corresponding note visually verified in the 1914 PDF.,standards.,Direct visual inspection of the 1914 PDF; see P055,Unreviewed,1970 Hathi OCR from earlier audit,P055,389,388;389,48.2,e
suetonius.tib.loeb_eng1.xml,102,527,48.2,359,word-match,Since he would save the rewards to be paid on the completion of their term of service.,1,359,397,1.0,Since he would save the rewards to be paid on the completion of their term of service,"he reigning emperor
was often placed under the eagle or other emblem.
",their death from years and a saving of money through their death,he did not relieve the provinces either by any act of liberality,' ',no-marker-in-ocr,https://babel.hathitrust.org/cgi/pt?id=uc1.32106005388886&seq=397,L14-N0102,editor,Generic editor; no personal name asserted,Candidate OCR match only; excerpt may be clipped. Verify the complete source page.,,Verified in 1914 PDF,Codex,Printed marker and corresponding note visually verified in the 1914 PDF.,death.,Direct visual inspection of the 1914 PDF; see P056,Unreviewed,1970 Hathi OCR from earlier audit,P056,389,389,48.2,f
suetonius.titus.loeb_eng1.xml,1,88,1.1,321,word-match,Some building of seven stories; the famous Septizonium on the Palatine was the work of Septimius Severus.,2,321,333,1.0,"Some building of seven stories; the famous Septizonium
on the Palatine was the work of Septimius Severus","or the death 41 A.D.
of Gaius, in a mean house near the Septizonium
• ",for the death of gaius in a mean house near the septizonium,and in a very small dark room besides for it still remains,,unresolved,https://babel.hathitrust.org/cgi/pt?id=uc1.32106005389009&seq=333,L15-N0001,editor,Generic editor; no personal name asserted,Candidate OCR match only; excerpt may be clipped. Verify the complete source page.,,Verified in 1914 PDF,Codex,Printed marker and corresponding note visually verified in the 1914 PDF.,Septizonium,Direct visual inspection of the 1914 PDF; see P015,Unreviewed,1970 Hathi OCR from earlier audit,P015,857,857,1.1,b
suetonius.titus.loeb_eng1.xml,3,97,2.2,323,wording-review,"See Nero, xxxiii. 2 and 3.",2,322,334,0.8333,"Nero, xxxiii. 2 and 3","us suis per ludum
1 memoria, Π¹Q; the other mss. have memoriae.
a Cf. ",too that it is believed that when britannicus drained the fatal draught,titus who was reclining at his side also tasted of the potion,"',a\n'",letter-marker-at-anchor,https://babel.hathitrust.org/cgi/pt?id=uc1.32106005389009&seq=334,L15-N0003,editor,Generic editor; no personal name asserted,Candidate OCR match only; excerpt may be clipped. Verify the complete source page.,,Verified in 1914 PDF,Codex,"Marker verified; the printed note begins Cf., not the See of the legacy XML.","fatal draught,",Direct visual inspection of the 1914 PDF; see P016,Unreviewed,1970 Hathi OCR from earlier audit,P016,859,858,2.2,a
suetonius.titus.loeb_eng1.xml,4,115,4.2,325,word-match,"See Galba xiv. 2, and note.",2,324,336,1.0,"See Galba xiv. 2, and note","ecidiam, Ω.
3 Taricheas, Ursinus (Tarichias, Bentley); Thracias, Ω.
a ",only a roman knight had once been prefect of the praetorian cohorts,on her death he replaced her by marcia furnilla a lady of,'; a ',letter-marker-at-anchor,https://babel.hathitrust.org/cgi/pt?id=uc1.32106005389009&seq=336,L15-N0004,editor,Generic editor; no personal name asserted,Candidate OCR match only; excerpt may be clipped. Verify the complete source page.,,Verified in 1914 PDF,Codex,The missing cross-reference letter is e in this PDF.,praetorian cohorts;,Direct visual inspection of the 1914 PDF; see P017,Unreviewed,1970 Hathi OCR from earlier audit,P017,861,860,4.2,a
suetonius.titus.loeb_eng1.xml,7,127,5.2,325,word-match,By the accession of his father Vespasian.,2,324,336,1.0,By the accession of his father Vespasian,"nus (Tarichias, Bentley); Thracias, Ω.
a See Galba xiv. 2, and note .
",was also encouraged to hope for imperial power soon realising his hope,and left behind to complete the conquest of judaea in the final,' ',no-marker-in-ocr,https://babel.hathitrust.org/cgi/pt?id=uc1.32106005389009&seq=336,L15-N0007,editor,Generic editor; no personal name asserted,Candidate OCR match only; excerpt may be clipped. Verify the complete source page.,,Verified in 1914 PDF,Codex,Printed marker and corresponding note visually verified in the 1914 PDF.,hope,Direct visual inspection of the 1914 PDF; see P018,Unreviewed,1970 Hathi OCR from earlier audit,P018,861,860,5.2,b
suetonius.titus.loeb_eng1.xml,8,127,5.2,327,word-match,See Aug. xiii. 2.,2,326,338,1.0,See Aug. xiii. 2,"uidem suspectissimum quemque sibi
1 ea, M; the other mss. have eam.
• ",the soldiers and winning their devotion that they hailed him as imperator,and detained him from time to time when he would leave the,' a\n',letter-marker-at-anchor,https://babel.hathitrust.org/cgi/pt?id=uc1.32106005389009&seq=338,L15-N0008,editor,Generic editor; no personal name asserted,Candidate OCR match only; excerpt may be clipped. Verify the complete source page.,,Verified in 1914 PDF,Codex,Printed marker and corresponding note visually verified in the 1914 PDF.,Imperator,Direct visual inspection of the 1914 PDF; see P019,Unreviewed,1970 Hathi OCR from earlier audit,P019,863,862,5.2,a
suetonius.titus.loeb_eng1.xml,11,136,6.1,327,word-match,"See Nero xv. 2, and note a.",2,326,338,1.0,"See Nero xv. 2, and note a","um quemque sibi
1 ea, M; the other mss. have eam.
• See Aug. xiii. 2.
",even read his speeches in the senate in lieu of a quaestor,he also assumed the command of the praetorian guard which before that,'. ',no-marker-in-ocr,https://babel.hathitrust.org/cgi/pt?id=uc1.32106005389009&seq=338,L15-N0011,editor,Generic editor; no personal name asserted,Candidate OCR match only; excerpt may be clipped. Verify the complete source page.,,Verified in 1914 PDF,Codex,Printed marker and corresponding note visually verified in the 1914 PDF.,quaestor.,Direct visual inspection of the 1914 PDF; see P020,Unreviewed,1970 Hathi OCR from earlier audit,P020,863,862,6.1,b
suetonius.titus.loeb_eng1.xml,12,145,7.1,329,wording-review,"See Nero xv. 2, and note c.",2,326,338,0.8571,"See Nero xv. 2, and note","um quemque sibi
1 ea, M; the other mss. have eam.
• See Aug. xiii. 2.
",only thought but openly declared that he would be a second nero,but this reputation turned out to his advantage and gave place to,'. ',no-marker-in-ocr,https://babel.hathitrust.org/cgi/pt?id=uc1.32106005389009&seq=338,L15-N0012,editor,Generic editor; no personal name asserted,Candidate OCR match only; excerpt may be clipped. Verify the complete source page.,,Rejected for 1914 base,Codex,"No footnote or marker after “second Nero” on p.329, and no corresponding English footnote on p.328. The genuine cross-reference occurs at 6.1, marked b after quaestor, with note a in the cross-reference. Exclude this legacy extra from the 1914 edition.",,Direct visual inspection of the 1914 PDF; see P059,Unreviewed,1970 Hathi OCR from earlier audit,P059,865,,7.1,
suetonius.titus.loeb_eng1.xml,14,160,8.2,333,word-match,"By humorously pretending to wrangle with those who favoured other gladiators than the Thracians; see Index, s.v. gladiator.",2,332,344,1.0,"By humorously pretending to wrangle with those who
favoured other gladiators than the Thracians; see Index,
s.v. gladiator","ihil publice perisse testatus,
Roth, following a ms. of Torrentius.
• ",and gestures always however preserving his dignity as well as observing justice,not to omit any act of condescension he sometimes bathed in the,'. ',no-marker-in-ocr,https://babel.hathitrust.org/cgi/pt?id=uc1.32106005389009&seq=344,L15-N0014,editor,Generic editor; no personal name asserted,Candidate OCR match only; excerpt may be clipped. Verify the complete source page.,,Verified in 1914 PDF,Codex,"Misplaced in legacy XML: printed marker follows “gestures,”, not “justice”.","gestures,",Direct visual inspection of the 1914 PDF; see P024,Unreviewed,1970 Hathi OCR from earlier audit,P024,869,868,8.2,a
suetonius.titus.loeb_eng1.xml,17,166,8.4,333,word-match,"Implying that it was his personal loss, which he would make good.",2,333,345,1.0,"Implying that it was his personal loss, which he would
make good","uestrian order
in charge of the work, that everything might be done
• ",the fire in rome he made no remark except i am ruined,and he set aside all the ornaments of his villas for the,"',"" '",no-marker-in-ocr,https://babel.hathitrust.org/cgi/pt?id=uc1.32106005389009&seq=345,L15-N0017,editor,Generic editor; no personal name asserted,Candidate OCR match only; excerpt may be clipped. Verify the complete source page.,,Verified in 1914 PDF,Codex,"Marker follows the closing quotation after “I am ruined,”.","I am ruined,",Direct visual inspection of the 1914 PDF; see P025,Unreviewed,1970 Hathi OCR from earlier audit,P025,869,869,8.4,b
suetonius.titus.loeb_eng1.xml,18,166,8.4,335,word-match,"To propitiate the gods, who were supposed to inflict such evils upon mankind by way of punishment.",2,334,346,1.0,"To propitiate the gods, who were supposed to inflict such
evils upon mankind by way of punishment","e, M; amandatoresqu
esque, G8.
quid, GNd; the other mss. have quod.
a ",divine which he did not employ searching for every kind of sacrifice,and all kinds of medicines among the evils of the times were,' a ',letter-marker-at-anchor,https://babel.hathitrust.org/cgi/pt?id=uc1.32106005389009&seq=346,L15-N0018,editor,Generic editor; no personal name asserted,Candidate OCR match only; excerpt may be clipped. Verify the complete source page.,,Verified in 1914 PDF,Codex,Printed marker and corresponding note visually verified in the 1914 PDF.,sacrifice,Direct visual inspection of the 1914 PDF; see P026,Unreviewed,1970 Hathi OCR from earlier audit,P026,871,870,8.4,a
suetonius.titus.loeb_eng1.xml,19,175,9.1,335,word-match,"The office was seldom taken so seriously. Julius Caesar, for instance, held it during his campaigns in Gaul.",2,334,346,1.0,"The office was seldom taken so seriously. Julius Caesar,
for instance, held it during his campaigns in Gaul","ere supposed to inflict such
evils upon mankind by way of punishment.
",office of pontifex maximus for the purpose of keeping his hands unstained,he was true to his promise for after that he neither caused,"', '",no-marker-in-ocr,https://babel.hathitrust.org/cgi/pt?id=uc1.32106005389009&seq=346,L15-N0019,editor,Generic editor; no personal name asserted,Candidate OCR match only; excerpt may be clipped. Verify the complete source page.,,Verified in 1914 PDF,Codex,"Misplaced in legacy XML: printed marker follows “pontifex maximus”, not “hands unstained”.",pontifex maximus,Direct visual inspection of the 1914 PDF; see P027,Unreviewed,1970 Hathi OCR from earlier audit,P027,871,870,9.1,b
suetonius.titus.loeb_eng1.xml,20,178,9.2,337,word-match,"The weapons of gladiators were regularly examined by the editor, or giver of the games, to see if they were sharp enough; cf. Dio, 68. 3, who tells a similar story of the emperor Nerva.",2,336,348,1.0,"The weapons of gladiators were regularly examined by
the editor, or giver of the games, to see if they were sharp
enough; cf. Dio, 68. 3, who tells a similar story of the
emperor Nerva","cile succurrat. Quidam
opinantur consuetudinem recordatum, quam cum
• ",of the contestants were offered him handed them over for their inspection,it is even said that inquiring into the horoscope of each of,'.\n',no-marker-in-ocr,https://babel.hathitrust.org/cgi/pt?id=uc1.32106005389009&seq=348,L15-N0020,editor,Generic editor; no personal name asserted,Candidate OCR match only; excerpt may be clipped. Verify the complete source page.,,Verified in 1914 PDF,Codex,"Misplaced in legacy XML: printed marker follows “offered him,”, not the end of the sentence about their inspection.","offered him,",Direct visual inspection of the 1914 PDF; see P028,Unreviewed,1970 Hathi OCR from earlier audit,P028,873,872,9.2,a
suetonius.titus.loeb_eng1.xml,21,190,10.2,339,word-match,Possibly Domitian's charge was true; cf. Dom. ii. 3.,2,336,348,1.0,Possibly Domitian's charge was true; cf. Dom. ii. 3,"ough; cf. Dio, 68. 3, who tells a similar story of the
emperor Nerva.
",as she was most ready to do of all her scandalous actions,xi he died in the same farmhouse as his father on the,'.\n81 A.D.\n',intervening-text-unresolved,https://babel.hathitrust.org/cgi/pt?id=uc1.32106005389009&seq=348,L15-N0021,editor,Generic editor; no personal name asserted,Candidate OCR match only; excerpt may be clipped. Verify the complete source page.,,Verified in 1914 PDF,Codex,"Misplaced in legacy XML: printed marker follows “nor could anyone easily divine.” on p.337, not the end of the paragraph on p.339.",divine.,Direct visual inspection of the 1914 PDF; see P029,Unreviewed,1970 Hathi OCR from earlier audit,P029,873,872,10.2,b
suetonius.titus.loeb_eng1.xml,22,196,11.1,339,word-match,"The old homestead at Cutilae, near Reate; see Vesp. xxiv. That this continued to be a villa rustica is implied in Vesp. ii. 1.",2,338,350,1.0,"The old homestead at Cutilae, near Reate; see Vesp.
xxiv. That this continued to be a villa rustica is implied in
Vesp. ii. 1","lescentiae tempus tanta inopia tantaque infamia gessisse fertur, ut
a ",scandalous actions xi he died in the same farmhouse as his father,on the ides of september two years two months and twenty days,,unresolved,https://babel.hathitrust.org/cgi/pt?id=uc1.32106005389009&seq=350,L15-N0022,editor,Generic editor; no personal name asserted,Candidate OCR match only; excerpt may be clipped. Verify the complete source page.,,Verified in 1914 PDF,Codex,Printed marker and corresponding note visually verified in the 1914 PDF.,farmhouse,Direct visual inspection of the 1914 PDF; see P030,Unreviewed,1970 Hathi OCR from earlier audit,P030,875,874,11.1,a
suetonius.vesp.loeb_eng1.xml,48,303,22.1,315,wording-review,"Cf. Macrobius, Saturn. 2. 1. 9, impudica et praetextata verba; Gell. N.A. 9. 10. 4, non praetextatis sed puris honestisque verbis. Various explanations of the term are given. It perhaps means words such as boys use; but see Festus, s. v. praetextum sermonem.",2,314,326,0.9773,"Cf. Macrobius, Saturn. 2. 1. 9, impudica et praetextata
verba; Gell. N.A. 9. 10. 4, non praetextatis sed puris honestisque verbis. Various explanations of the term are given.
It perhaps means words such as boys use; but see Festus,
8.v. praetextum sermonem","asset, ad1 Caenidis, Q; Cenidis, n; the other mss. have G(a)enidis.
a ",buffoonish kind so that he did not even refrain from obscene expressions,yet many of his remarks are still remembered which are full of,'.a\n',letter-marker-at-anchor,https://babel.hathitrust.org/cgi/pt?id=uc1.32106005389009&seq=326,L16-N0048,editor,Generic editor; no personal name asserted,Candidate OCR match only; excerpt may be clipped. Verify the complete source page.,,Verified in 1914 PDF,Codex,Printed marker and corresponding note visually verified in the 1914 PDF.,obscene expressions.,Direct visual inspection of the 1914 PDF; see P040,Unreviewed,1970 Hathi OCR from earlier audit,P040,851,850,22.1,a
suetonius.vesp.loeb_eng1.xml,49,303,22.1,315,wording-review,"Plaustra was the original form of the word for ""wagons,""  but there was also a plebeian form plostra; see Hor. Serm. 1. 6. 42 and cf. Claudius, Clodius.",2,315,327,0.75,"but there was also a plebeian form plostra ; see Hor. Serm. 1.
6. 42 and cf. Claudius, Clodius","was dying with love
for him, he took her to his bed and gave her four
",was plaustra rather than plostra he greeted him next day as flaurus,when he was importuned by a woman who said that she was,"'."" '",no-marker-in-ocr,https://babel.hathitrust.org/cgi/pt?id=uc1.32106005389009&seq=327,L16-N0049,editor,Generic editor; no personal name asserted,Candidate OCR match only; excerpt may be clipped. Verify the complete source page.,,Verified in 1914 PDF,Codex,Printed marker and corresponding note visually verified in the 1914 PDF.,plaustra,Direct visual inspection of the 1914 PDF; see P041,Unreviewed,1970 Hathi OCR from earlier audit,P041,851,850;851,22.1,b
suetonius.vesp.loeb_eng1.xml,50,310,23.1,317,word-match,Iliad 7. 213.,2,316,328,1.0,Iliad 7. 213," Ω. · 4 Γηρυλος, Ω.
5 desiluisse, M; the other mss. have desilisse.
a ",parts striding along and waving a lance that casts a long shadow,and of the freedman cerylus who was very rich and to cheat,"',"" a\n'",letter-marker-at-anchor,https://babel.hathitrust.org/cgi/pt?id=uc1.32106005389009&seq=328,L16-N0050,editor,Generic editor; no personal name asserted,Candidate OCR match only; excerpt may be clipped. Verify the complete source page.,,Verified in 1914 PDF,Codex,Marker follows the closing quotation of the verse.,"shadow,",Direct visual inspection of the 1914 PDF; see P042,Unreviewed,1970 Hathi OCR from earlier audit,P042,853,852,23.1,a
suetonius.vesp.loeb_eng1.xml,51,314,23.1,317,word-match,"Menander, Fr. 223. 2, Koch.",2,316,328,1.0,"Menander, Fr. 223. 2, Koch","ς, Ω.
5 desiluisse, M; the other mss. have desilisse.
a Iliad 7. 213.
",are dead you ll change your name at once to cerylus again,but he particularly resorted to witticisms about his unseemly means of gain,"'."" b\n'",letter-marker-at-anchor,https://babel.hathitrust.org/cgi/pt?id=uc1.32106005389009&seq=328,L16-N0051,editor,Generic editor; no personal name asserted,Candidate OCR match only; excerpt may be clipped. Verify the complete source page.,,Verified in 1914 PDF,Codex,Marker follows the closing quotation of the verse.,To Cerylus again.,Direct visual inspection of the 1914 PDF; see P043,Unreviewed,1970 Hathi OCR from earlier audit,P043,853,852,23.1,b
suetonius.vesp.loeb_eng1.xml,52,324,23.4,319,word-match,Of Augustus; see Aug. c. 4.,2,318,330,1.0,Of Augustus; see Aug. c. 4,". have poneret or ponerent.
4 Cutilias, 5 (Beroaldus); Cutillas, Ω.
a ",death and in extreme danger for when among other portents the mausoleum,opened on a sudden and a comet appeared in the heavens he,' a ',letter-marker-at-anchor,https://babel.hathitrust.org/cgi/pt?id=uc1.32106005389009&seq=330,L16-N0052,editor,Generic editor; no personal name asserted,Candidate OCR match only; excerpt may be clipped. Verify the complete source page.,,Verified in 1914 PDF,Codex,Printed marker and corresponding note visually verified in the 1914 PDF.,Mausoleum,Direct visual inspection of the 1914 PDF; see P044,Unreviewed,1970 Hathi OCR from earlier audit,P044,855,854,23.4,a
suetonius.vesp.loeb_eng1.xml,53,324,23.4,319,wording-review,"The connection between the stella crinita and the long hair of the Parthian king is obvious; it does not seem  accidental that Calvina is connected with calvus, ""bald,"" though this word-play seems to have been overlooked.",2,319,331,0.6216,"accidental that Calvina is connected with calvus, ""bald,""
though this word-play seems to have been overlooked","struggling to get on
his feet, he died in the arms of those who tried
",latter to the king of the parthians who wore his hair long,and as death drew near he said woe s me methinks i,'; ',no-marker-in-ocr,https://babel.hathitrust.org/cgi/pt?id=uc1.32106005389009&seq=331,L16-N0053,editor,Generic editor; no personal name asserted,Candidate OCR match only; excerpt may be clipped. Verify the complete source page.,,Verified in 1914 PDF,Codex,Printed marker and corresponding note visually verified in the 1914 PDF.,his hair long;,Direct visual inspection of the 1914 PDF; see P045,Unreviewed,1970 Hathi OCR from earlier audit,P045,855,854;855,23.4,b
suetonius.vesp.loeb_eng1.xml,56,336,25.1,321,word-match,"Claudius and Nero reigned thirteen and fourteen years respectively; Vespasian, ten; Titus, two; and Domitian, fifteen.",2,320,332,1.0,"Claudius and Nero reigned thirteen and fourteen years
respectively; Vespasian, ten; Titus, two; and Domitian,
fifteen","ica caruit-natus
est III. Kal. Ian. insigni anno Gaiana nece, prope
a ",for the same space of time and the same term of years,,,unresolved,https://babel.hathitrust.org/cgi/pt?id=uc1.32106005389009&seq=332,L16-N0056,editor,Generic editor; no personal name asserted,Candidate OCR match only; excerpt may be clipped. Verify the complete source page.,,Verified in 1914 PDF,Codex,Printed marker and corresponding note visually verified in the 1914 PDF.,same term of years.,Direct visual inspection of the 1914 PDF; see P046,Unreviewed,1970 Hathi OCR from earlier audit,P046,857,856,25.1,a
